City,Date,AQI,PM2.5,PM10,NO2,SO2,CO,O3
Delhi,2018-01-01,406,223.3,438.48,336.98,462.84,4.26,385.7
Delhi,2018-01-02,418,229.9,451.44,346.94,476.52,4.39,397.1
Delhi,2018-01-03,382,210.1,412.56,317.06,435.48,4.01,362.9
Delhi,2018-01-04,366,201.3,395.28,303.78,417.24,3.84,347.7
Delhi,2018-01-05,390,214.5,421.2,323.7,444.6,4.1,370.5
Delhi,2018-01-06,405,222.75,437.4,336.15,461.7,4.25,384.75
Delhi,2018-01-07,355,195.25,383.4,294.65,404.7,3.73,337.25
Delhi,2018-01-08,288,158.4,311.04,239.04,328.32,3.02,273.6
Delhi,2018-01-09,359,197.45,387.72,297.97,409.26,3.77,341.05
Delhi,2018-01-10,352,193.6,380.16,292.16,401.28,3.7,334.4
Delhi,2018-01-11,309,169.95,333.72,256.47,352.26,3.24,293.55
Delhi,2018-01-12,298,163.9,321.84,247.34,339.72,3.13,283.1
Delhi,2018-01-13,359,197.45,387.72,297.97,409.26,3.77,341.05
Delhi,2018-01-14,321,176.55,346.68,266.43,365.94,3.37,304.95
Delhi,2018-01-15,331,182.05,357.48,274.73,377.34,3.48,314.45
Delhi,2018-01-16,255,140.25,275.4,211.65,290.7,2.68,242.25
Delhi,2018-01-17,353,194.15,381.24,292.99,402.42,3.71,335.35
Delhi,2018-01-18,400,220.0,432.0,332.0,456.0,4.2,380.0
Delhi,2018-01-19,406,223.3,438.48,336.98,462.84,4.26,385.7
Delhi,2018-01-20,323,177.65,348.84,268.09,368.22,3.39,306.85
Delhi,2018-01-21,276,151.8,298.08,229.08,314.64,2.9,262.2
Delhi,2018-01-22,342,188.1,369.36,283.86,389.88,3.59,324.9
Delhi,2018-01-23,324,178.2,349.92,268.92,369.36,3.4,307.8
Delhi,2018-01-24,270,148.5,291.6,224.1,307.8,2.84,256.5
Delhi,2018-01-25,243,133.65,262.44,201.69,277.02,2.55,230.85
Delhi,2018-01-26,261,143.55,281.88,216.63,297.54,2.74,247.95
Delhi,2018-01-27,286,157.3,308.88,237.38,326.04,3.0,271.7
Delhi,2018-01-28,300,165.0,324.0,249.0,342.0,3.15,285.0
Delhi,2018-01-29,302,166.1,326.16,250.66,344.28,3.17,286.9
Delhi,2018-01-30,270,148.5,291.6,224.1,307.8,2.84,256.5
Delhi,2018-01-31,244,134.2,263.52,202.52,278.16,2.56,231.8
Delhi,2018-02-01,274,150.7,295.92,227.42,312.36,2.88,260.3
Delhi,2018-02-02,293,161.15,316.44,243.19,334.02,3.08,278.35
Delhi,2018-02-03,243,133.65,262.44,201.69,277.02,2.55,230.85
Delhi,2018-02-04,256,140.8,276.48,212.48,291.84,2.69,243.2
Delhi,2018-02-05,291,160.05,314.28,241.53,331.74,3.06,276.45
Delhi,2018-02-06,287,157.85,309.96,238.21,327.18,3.01,272.65
Delhi,2018-02-07,261,143.55,281.88,216.63,297.54,2.74,247.95
Delhi,2018-02-08,308,169.4,332.64,255.64,351.12,3.23,292.6
Delhi,2018-02-09,335,184.25,361.8,278.05,381.9,3.52,318.25
Delhi,2018-02-10,341,187.55,368.28,283.03,388.74,3.58,323.95
Delhi,2018-02-11,304,167.2,328.32,252.32,346.56,3.19,288.8
Delhi,2018-02-12,178,97.9,192.24,147.74,202.92,1.87,169.1
Delhi,2018-02-13,191,105.05,206.28,158.53,217.74,2.01,181.45
Delhi,2018-02-14,187,102.85,201.96,155.21,213.18,1.96,177.65
Delhi,2018-02-15,187,102.85,201.96,155.21,213.18,1.96,177.65
Delhi,2018-02-16,235,129.25,253.8,195.05,267.9,2.47,223.25
Delhi,2018-02-17,256,140.8,276.48,212.48,291.84,2.69,243.2
Delhi,2018-02-18,257,141.35,277.56,213.31,292.98,2.7,244.15
Delhi,2018-02-19,294,161.7,317.52,244.02,335.16,3.09,279.3
Delhi,2018-02-20,296,162.8,319.68,245.68,337.44,3.11,281.2
Delhi,2018-02-21,308,169.4,332.64,255.64,351.12,3.23,292.6
Delhi,2018-02-22,300,165.0,324.0,249.0,342.0,3.15,285.0
Delhi,2018-02-23,302,166.1,326.16,250.66,344.28,3.17,286.9
Delhi,2018-02-24,320,176.0,345.6,265.6,364.8,3.36,304.0
Delhi,2018-02-25,266,146.3,287.28,220.78,303.24,2.79,252.7
Delhi,2018-02-26,156,85.8,168.48,129.48,177.84,1.64,148.2
Delhi,2018-02-27,160,88.0,172.8,132.8,182.4,1.68,152.0
Delhi,2018-02-28,272,149.6,293.76,225.76,310.08,2.86,258.4
Delhi,2018-03-01,257,141.35,277.56,213.31,292.98,2.7,244.15
Delhi,2018-03-02,260,143.0,280.8,215.8,296.4,2.73,247.0
Delhi,2018-03-03,203,111.65,219.24,168.49,231.42,2.13,192.85
Delhi,2018-03-04,178,97.9,192.24,147.74,202.92,1.87,169.1
Delhi,2018-03-05,172,94.6,185.76,142.76,196.08,1.81,163.4
Delhi,2018-03-06,167,91.85,180.36,138.61,190.38,1.75,158.65
Delhi,2018-03-07,185,101.75,199.8,153.55,210.9,1.94,175.75
Delhi,2018-03-08,245,134.75,264.6,203.35,279.3,2.57,232.75
Delhi,2018-03-09,280,154.0,302.4,232.4,319.2,2.94,266.0
Delhi,2018-03-10,170,93.5,183.6,141.1,193.8,1.79,161.5
Delhi,2018-03-11,170,93.5,183.6,141.1,193.8,1.79,161.5
Delhi,2018-03-12,214,117.7,231.12,177.62,243.96,2.25,203.3
Delhi,2018-03-13,217,119.35,234.36,180.11,247.38,2.28,206.15
Delhi,2018-03-14,267,146.85,288.36,221.61,304.38,2.8,253.65
Delhi,2018-03-15,297,163.35,320.76,246.51,338.58,3.12,282.15
Delhi,2018-03-16,256,140.8,276.48,212.48,291.84,2.69,243.2
Delhi,2018-03-17,186,102.3,200.88,154.38,212.04,1.95,176.7
Delhi,2018-03-18,169,92.95,182.52,140.27,192.66,1.77,160.55
Delhi,2018-03-19,173,95.15,186.84,143.59,197.22,1.82,164.35
Delhi,2018-03-20,217,119.35,234.36,180.11,247.38,2.28,206.15
Delhi,2018-03-21,289,158.95,312.12,239.87,329.46,3.03,274.55
Delhi,2018-03-22,186,102.3,200.88,154.38,212.04,1.95,176.7
Delhi,2018-03-23,151,83.05,163.08,125.33,172.14,1.59,143.45
Delhi,2018-03-24,175,96.25,189.0,145.25,199.5,1.84,166.25
Delhi,2018-03-25,195,107.25,210.6,161.85,222.3,2.05,185.25
Delhi,2018-03-26,183,100.65,197.64,151.89,208.62,1.92,173.85
Delhi,2018-03-27,230,126.5,248.4,190.9,262.2,2.42,218.5
Delhi,2018-03-28,255,140.25,275.4,211.65,290.7,2.68,242.25
Delhi,2018-03-29,213,117.15,230.04,176.79,242.82,2.24,202.35
Delhi,2018-03-30,218,119.9,235.44,180.94,248.52,2.29,207.1
Delhi,2018-03-31,256,140.8,276.48,212.48,291.84,2.69,243.2
Delhi,2018-04-01,195,107.25,210.6,161.85,222.3,2.05,185.25
Delhi,2018-04-02,219,120.45,236.52,181.77,249.66,2.3,208.05
Delhi,2018-04-03,207,113.85,223.56,171.81,235.98,2.17,196.65
Delhi,2018-04-04,203,111.65,219.24,168.49,231.42,2.13,192.85
Delhi,2018-04-05,290,159.5,313.2,240.7,330.6,3.05,275.5
Delhi,2018-04-06,208,114.4,224.64,172.64,237.12,2.18,197.6
Delhi,2018-04-07,143,78.65,154.44,118.69,163.02,1.5,135.85
Delhi,2018-04-08,141,77.55,152.28,117.03,160.74,1.48,133.95
Delhi,2018-04-09,120,66.0,129.6,99.6,136.8,1.26,114.0
Delhi,2018-04-10,230,126.5,248.4,190.9,262.2,2.42,218.5
Delhi,2018-04-11,141,77.55,152.28,117.03,160.74,1.48,133.95
Delhi,2018-04-12,99,54.45,106.92,82.17,112.86,1.04,94.05
Delhi,2018-04-13,188,103.4,203.04,156.04,214.32,1.97,178.6
Delhi,2018-04-14,217,119.35,234.36,180.11,247.38,2.28,206.15
Delhi,2018-04-15,224,123.2,241.92,185.92,255.36,2.35,212.8
Delhi,2018-04-16,285,156.75,307.8,236.55,324.9,2.99,270.75
Delhi,2018-04-17,244,134.2,263.52,202.52,278.16,2.56,231.8
Delhi,2018-04-18,228,125.4,246.24,189.24,259.92,2.39,216.6
Delhi,2018-04-19,244,134.2,263.52,202.52,278.16,2.56,231.8
Delhi,2018-04-20,246,135.3,265.68,204.18,280.44,2.58,233.7
Delhi,2018-04-21,356,195.8,384.48,295.48,405.84,3.74,338.2
Delhi,2018-04-22,211,116.05,227.88,175.13,240.54,2.22,200.45
Delhi,2018-04-23,160,88.0,172.8,132.8,182.4,1.68,152.0
Delhi,2018-04-24,254,139.7,274.32,210.82,289.56,2.67,241.3
Delhi,2018-04-25,266,146.3,287.28,220.78,303.24,2.79,252.7
Delhi,2018-04-26,313,172.15,338.04,259.79,356.82,3.29,297.35
Delhi,2018-04-27,310,170.5,334.8,257.3,353.4,3.26,294.5
Delhi,2018-04-28,301,165.55,325.08,249.83,343.14,3.16,285.95
Delhi,2018-04-29,248,136.4,267.84,205.84,282.72,2.6,235.6
Delhi,2018-04-30,209,114.95,225.72,173.47,238.26,2.19,198.55
Delhi,2018-05-01,177,97.35,191.16,146.91,201.78,1.86,168.15
Delhi,2018-05-02,153,84.15,165.24,126.99,174.42,1.61,145.35
Delhi,2018-05-03,160,88.0,172.8,132.8,182.4,1.68,152.0
Delhi,2018-05-04,139,76.45,150.12,115.37,158.46,1.46,132.05
Delhi,2018-05-05,173,95.15,186.84,143.59,197.22,1.82,164.35
Delhi,2018-05-06,269,147.95,290.52,223.27,306.66,2.82,255.55
Delhi,2018-05-07,211,116.05,227.88,175.13,240.54,2.22,200.45
Delhi,2018-05-08,208,114.4,224.64,172.64,237.12,2.18,197.6
Delhi,2018-05-09,163,89.65,176.04,135.29,185.82,1.71,154.85
Delhi,2018-05-10,190,104.5,205.2,157.7,216.6,2.0,180.5
Delhi,2018-05-11,256,140.8,276.48,212.48,291.84,2.69,243.2
Delhi,2018-05-12,304,167.2,328.32,252.32,346.56,3.19,288.8
Delhi,2018-05-13,215,118.25,232.2,178.45,245.1,2.26,204.25
Delhi,2018-05-14,130,71.5,140.4,107.9,148.2,1.37,123.5
Delhi,2018-05-15,164,90.2,177.12,136.12,186.96,1.72,155.8
Delhi,2018-05-16,190,104.5,205.2,157.7,216.6,2.0,180.5
Delhi,2018-05-17,243,133.65,262.44,201.69,277.02,2.55,230.85
Delhi,2018-05-18,225,123.75,243.0,186.75,256.5,2.36,213.75
Delhi,2018-05-19,242,133.1,261.36,200.86,275.88,2.54,229.9
Delhi,2018-05-20,199,109.45,214.92,165.17,226.86,2.09,189.05
Delhi,2018-05-21,183,100.65,197.64,151.89,208.62,1.92,173.85
Delhi,2018-05-22,212,116.6,228.96,175.96,241.68,2.23,201.4
Delhi,2018-05-23,301,165.55,325.08,249.83,343.14,3.16,285.95
Delhi,2018-05-24,252,138.6,272.16,209.16,287.28,2.65,239.4
Delhi,2018-05-25,251,138.05,271.08,208.33,286.14,2.64,238.45
Delhi,2018-05-26,235,129.25,253.8,195.05,267.9,2.47,223.25
Delhi,2018-05-27,277,152.35,299.16,229.91,315.78,2.91,263.15
Delhi,2018-05-28,275,151.25,297.0,228.25,313.5,2.89,261.25
Delhi,2018-05-29,285,156.75,307.8,236.55,324.9,2.99,270.75
Delhi,2018-05-30,281,154.55,303.48,233.23,320.34,2.95,266.95
Delhi,2018-05-31,208,114.4,224.64,172.64,237.12,2.18,197.6
Delhi,2018-06-01,198,108.9,213.84,164.34,225.72,2.08,188.1
Delhi,2018-06-02,173,95.15,186.84,143.59,197.22,1.82,164.35
Delhi,2018-06-03,174,95.7,187.92,144.42,198.36,1.83,165.3
Delhi,2018-06-04,183,100.65,197.64,151.89,208.62,1.92,173.85
Delhi,2018-06-05,169,92.95,182.52,140.27,192.66,1.77,160.55
Delhi,2018-06-06,136,74.8,146.88,112.88,155.04,1.43,129.2
Delhi,2018-06-07,164,90.2,177.12,136.12,186.96,1.72,155.8
Delhi,2018-06-08,179,98.45,193.32,148.57,204.06,1.88,170.05
Delhi,2018-06-09,127,69.85,137.16,105.41,144.78,1.33,120.65
Delhi,2018-06-10,158,86.9,170.64,131.14,180.12,1.66,150.1
Delhi,2018-06-11,183,100.65,197.64,151.89,208.62,1.92,173.85
Delhi,2018-06-12,296,162.8,319.68,245.68,337.44,3.11,281.2
Delhi,2018-06-13,445,244.75,480.6,369.35,507.3,4.67,422.75
Delhi,2018-06-14,431,237.05,465.48,357.73,491.34,4.53,409.45
Delhi,2018-06-15,447,245.85,482.76,371.01,509.58,4.69,424.65
Delhi,2018-06-16,369,202.95,398.52,306.27,420.66,3.87,350.55
Delhi,2018-06-17,289,158.95,312.12,239.87,329.46,3.03,274.55
Delhi,2018-06-18,171,94.05,184.68,141.93,194.94,1.8,162.45
Delhi,2018-06-19,121,66.55,130.68,100.43,137.94,1.27,114.95
Delhi,2018-06-20,177,97.35,191.16,146.91,201.78,1.86,168.15
Delhi,2018-06-21,226,124.3,244.08,187.58,257.64,2.37,214.7
Delhi,2018-06-22,236,129.8,254.88,195.88,269.04,2.48,224.2
Delhi,2018-06-23,218,119.9,235.44,180.94,248.52,2.29,207.1
Delhi,2018-06-24,183,100.65,197.64,151.89,208.62,1.92,173.85
Delhi,2018-06-25,192,105.6,207.36,159.36,218.88,2.02,182.4
Delhi,2018-06-26,110,60.5,118.8,91.3,125.4,1.16,104.5
Delhi,2018-06-27,93,51.15,100.44,77.19,106.02,0.98,88.35
Delhi,2018-06-28,76,41.8,82.08,63.08,86.64,0.8,72.2
Delhi,2018-06-29,72,39.6,77.76,59.76,82.08,0.76,68.4
Delhi,2018-06-30,96,52.8,103.68,79.68,109.44,1.01,91.2
Delhi,2018-07-01,92,50.6,99.36,76.36,104.88,0.97,87.4
Delhi,2018-07-02,106,58.3,114.48,87.98,120.84,1.11,100.7
Delhi,2018-07-03,114,62.7,123.12,94.62,129.96,1.2,108.3
Delhi,2018-07-04,137,75.35,147.96,113.71,156.18,1.44,130.15
Delhi,2018-07-05,123,67.65,132.84,102.09,140.22,1.29,116.85
Delhi,2018-07-06,147,80.85,158.76,122.01,167.58,1.54,139.65
Delhi,2018-07-07,151,83.05,163.08,125.33,172.14,1.59,143.45
Delhi,2018-07-08,182,100.1,196.56,151.06,207.48,1.91,172.9
Delhi,2018-07-09,157,86.35,169.56,130.31,178.98,1.65,149.15
Delhi,2018-07-10,134,73.7,144.72,111.22,152.76,1.41,127.3
Delhi,2018-07-11,106,58.3,114.48,87.98,120.84,1.11,100.7
Delhi,2018-07-12,143,78.65,154.44,118.69,163.02,1.5,135.85
Delhi,2018-07-13,99,54.45,106.92,82.17,112.86,1.04,94.05
Delhi,2018-07-14,76,41.8,82.08,63.08,86.64,0.8,72.2
Delhi,2018-07-15,76,41.8,82.08,63.08,86.64,0.8,72.2
Delhi,2018-07-16,87,47.85,93.96,72.21,99.18,0.91,82.65
Delhi,2018-07-17,91,50.05,98.28,75.53,103.74,0.96,86.45
Delhi,2018-07-18,106,58.3,114.48,87.98,120.84,1.11,100.7
Delhi,2018-07-19,88,48.4,95.04,73.04,100.32,0.92,83.6
Delhi,2018-07-20,80,44.0,86.4,66.4,91.2,0.84,76.0
Delhi,2018-07-21,111,61.05,119.88,92.13,126.54,1.17,105.45
Delhi,2018-07-22,61,33.55,65.88,50.63,69.54,0.64,57.95
Delhi,2018-07-23,67,36.85,72.36,55.61,76.38,0.7,63.65
Delhi,2018-07-24,90,49.5,97.2,74.7,102.6,0.95,85.5
Delhi,2018-07-25,78,42.9,84.24,64.74,88.92,0.82,74.1
Delhi,2018-07-26,74,40.7,79.92,61.42,84.36,0.78,70.3
Delhi,2018-07-27,54,29.7,58.32,44.82,61.56,0.57,51.3
Delhi,2018-07-28,57,31.35,61.56,47.31,64.98,0.6,54.15
Delhi,2018-07-29,90,49.5,97.2,74.7,102.6,0.95,85.5
Delhi,2018-07-30,115,63.25,124.2,95.45,131.1,1.21,109.25
Delhi,2018-07-31,132,72.6,142.56,109.56,150.48,1.39,125.4
Delhi,2018-08-01,153,84.15,165.24,126.99,174.42,1.61,145.35
Delhi,2018-08-02,235,129.25,253.8,195.05,267.9,2.47,223.25
Delhi,2018-08-03,213,117.15,230.04,176.79,242.82,2.24,202.35
Delhi,2018-08-04,216,118.8,233.28,179.28,246.24,2.27,205.2
Delhi,2018-08-05,241,132.55,260.28,200.03,274.74,2.53,228.95
Delhi,2018-08-06,133,73.15,143.64,110.39,151.62,1.4,126.35
Delhi,2018-08-07,113,62.15,122.04,93.79,128.82,1.19,107.35
Delhi,2018-08-08,86,47.3,92.88,71.38,98.04,0.9,81.7
Delhi,2018-08-09,88,48.4,95.04,73.04,100.32,0.92,83.6
Delhi,2018-08-10,102,56.1,110.16,84.66,116.28,1.07,96.9
Delhi,2018-08-11,96,52.8,103.68,79.68,109.44,1.01,91.2
Delhi,2018-08-12,83,45.65,89.64,68.89,94.62,0.87,78.85
Delhi,2018-08-13,94,51.7,101.52,78.02,107.16,0.99,89.3
Delhi,2018-08-14,117,64.35,126.36,97.11,133.38,1.23,111.15
Delhi,2018-08-15,120,66.0,129.6,99.6,136.8,1.26,114.0
Delhi,2018-08-16,86,47.3,92.88,71.38,98.04,0.9,81.7
Delhi,2018-08-17,84,46.2,90.72,69.72,95.76,0.88,79.8
Delhi,2018-08-18,80,44.0,86.4,66.4,91.2,0.84,76.0
Delhi,2018-08-19,89,48.95,96.12,73.87,101.46,0.93,84.55
Delhi,2018-08-20,137,75.35,147.96,113.71,156.18,1.44,130.15
Delhi,2018-08-21,87,47.85,93.96,72.21,99.18,0.91,82.65
Delhi,2018-08-22,78,42.9,84.24,64.74,88.92,0.82,74.1
Delhi,2018-08-23,69,37.95,74.52,57.27,78.66,0.72,65.55
Delhi,2018-08-24,80,44.0,86.4,66.4,91.2,0.84,76.0
Delhi,2018-08-25,89,48.95,96.12,73.87,101.46,0.93,84.55
Delhi,2018-08-26,78,42.9,84.24,64.74,88.92,0.82,74.1
Delhi,2018-08-27,62,34.1,66.96,51.46,70.68,0.65,58.9
Delhi,2018-08-28,71,39.05,76.68,58.93,80.94,0.75,67.45
Delhi,2018-08-29,68,37.4,73.44,56.44,77.52,0.71,64.6
Delhi,2018-08-30,78,42.9,84.24,64.74,88.92,0.82,74.1
Delhi,2018-08-31,127,69.85,137.16,105.41,144.78,1.33,120.65
Delhi,2018-09-01,114,62.7,123.12,94.62,129.96,1.2,108.3
Delhi,2018-09-02,106,58.3,114.48,87.98,120.84,1.11,100.7
Delhi,2018-09-03,73,40.15,78.84,60.59,83.22,0.77,69.35
Delhi,2018-09-04,112,61.6,120.96,92.96,127.68,1.18,106.4
Delhi,2018-09-05,90,49.5,97.2,74.7,102.6,0.95,85.5
Delhi,2018-09-06,137,75.35,147.96,113.71,156.18,1.44,130.15
Delhi,2018-09-07,91,50.05,98.28,75.53,103.74,0.96,86.45
Delhi,2018-09-08,86,47.3,92.88,71.38,98.04,0.9,81.7
Delhi,2018-09-09,61,33.55,65.88,50.63,69.54,0.64,57.95
Delhi,2018-09-10,84,46.2,90.72,69.72,95.76,0.88,79.8
Delhi,2018-09-11,79,43.45,85.32,65.57,90.06,0.83,75.05
Delhi,2018-09-12,90,49.5,97.2,74.7,102.6,0.95,85.5
Delhi,2018-09-13,103,56.65,111.24,85.49,117.42,1.08,97.85
Delhi,2018-09-14,102,56.1,110.16,84.66,116.28,1.07,96.9
Delhi,2018-09-15,118,64.9,127.44,97.94,134.52,1.24,112.1
Delhi,2018-09-16,121,66.55,130.68,100.43,137.94,1.27,114.95
Delhi,2018-09-17,135,74.25,145.8,112.05,153.9,1.42,128.25
Delhi,2018-09-18,150,82.5,162.0,124.5,171.0,1.58,142.5
Delhi,2018-09-19,154,84.7,166.32,127.82,175.56,1.62,146.3
Delhi,2018-09-20,164,90.2,177.12,136.12,186.96,1.72,155.8
Delhi,2018-09-21,143,78.65,154.44,118.69,163.02,1.5,135.85
Delhi,2018-09-22,54,29.7,58.32,44.82,61.56,0.57,51.3
Delhi,2018-09-23,62,34.1,66.96,51.46,70.68,0.65,58.9
Delhi,2018-09-24,52,28.6,56.16,43.16,59.28,0.55,49.4
Delhi,2018-09-25,55,30.25,59.4,45.65,62.7,0.58,52.25
Delhi,2018-09-26,88,48.4,95.04,73.04,100.32,0.92,83.6
Delhi,2018-09-27,151,83.05,163.08,125.33,172.14,1.59,143.45
Delhi,2018-09-28,197,108.35,212.76,163.51,224.58,2.07,187.15
Delhi,2018-09-29,219,120.45,236.52,181.77,249.66,2.3,208.05
Delhi,2018-09-30,158,86.9,170.64,131.14,180.12,1.66,150.1
Delhi,2018-10-01,148,81.4,159.84,122.84,168.72,1.55,140.6
Delhi,2018-10-02,202,111.1,218.16,167.66,230.28,2.12,191.9
Delhi,2018-10-03,143,78.65,154.44,118.69,163.02,1.5,135.85
Delhi,2018-10-04,201,110.55,217.08,166.83,229.14,2.11,190.95
Delhi,2018-10-05,256,140.8,276.48,212.48,291.84,2.69,243.2
Delhi,2018-10-06,209,114.95,225.72,173.47,238.26,2.19,198.55
Delhi,2018-10-07,181,99.55,195.48,150.23,206.34,1.9,171.95
Delhi,2018-10-08,246,135.3,265.68,204.18,280.44,2.58,233.7
Delhi,2018-10-09,251,138.05,271.08,208.33,286.14,2.64,238.45
Delhi,2018-10-10,241,132.55,260.28,200.03,274.74,2.53,228.95
Delhi,2018-10-11,210,115.5,226.8,174.3,239.4,2.21,199.5
Delhi,2018-10-12,154,84.7,166.32,127.82,175.56,1.62,146.3
Delhi,2018-10-13,262,144.1,282.96,217.46,298.68,2.75,248.9
Delhi,2018-10-14,204,112.2,220.32,169.32,232.56,2.14,193.8
Delhi,2018-10-15,246,135.3,265.68,204.18,280.44,2.58,233.7
Delhi,2018-10-16,291,160.05,314.28,241.53,331.74,3.06,276.45
Delhi,2018-10-17,313,172.15,338.04,259.79,356.82,3.29,297.35
Delhi,2018-10-18,297,163.35,320.76,246.51,338.58,3.12,282.15
Delhi,2018-10-19,276,151.8,298.08,229.08,314.64,2.9,262.2
Delhi,2018-10-20,326,179.3,352.08,270.58,371.64,3.42,309.7
Delhi,2018-10-21,292,160.6,315.36,242.36,332.88,3.07,277.4
Delhi,2018-10-22,272,149.6,293.76,225.76,310.08,2.86,258.4
Delhi,2018-10-23,254,139.7,274.32,210.82,289.56,2.67,241.3
Delhi,2018-10-24,328,180.4,354.24,272.24,373.92,3.44,311.6
Delhi,2018-10-25,331,182.05,357.48,274.73,377.34,3.48,314.45
Delhi,2018-10-26,361,198.55,389.88,299.63,411.54,3.79,342.95
Delhi,2018-10-27,350,192.5,378.0,290.5,399.0,3.68,332.5
Delhi,2018-10-28,366,201.3,395.28,303.78,417.24,3.84,347.7
Delhi,2018-10-29,367,201.85,396.36,304.61,418.38,3.85,348.65
Delhi,2018-10-30,401,220.55,433.08,332.83,457.14,4.21,380.95
Delhi,2018-10-31,358,196.9,386.64,297.14,408.12,3.76,340.1
Delhi,2018-11-01,393,216.15,424.44,326.19,448.02,4.13,373.35
Delhi,2018-11-02,370,203.5,399.6,307.1,421.8,3.89,351.5
Delhi,2018-11-03,340,187.0,367.2,282.2,387.6,3.57,323.0
Delhi,2018-11-04,171,94.05,184.68,141.93,194.94,1.8,162.45
Delhi,2018-11-05,426,234.3,460.08,353.58,485.64,4.47,404.7
Delhi,2018-11-06,338,185.9,365.04,280.54,385.32,3.55,321.1
Delhi,2018-11-07,281,154.55,303.48,233.23,320.34,2.95,266.95
Delhi,2018-11-08,390,214.5,421.2,323.7,444.6,4.1,370.5
Delhi,2018-11-09,423,232.65,456.84,351.09,482.22,4.44,401.85
Delhi,2018-11-10,401,220.55,433.08,332.83,457.14,4.21,380.95
Delhi,2018-11-11,405,222.75,437.4,336.15,461.7,4.25,384.75
Delhi,2018-11-12,399,219.45,430.92,331.17,454.86,4.19,379.05
Delhi,2018-11-13,409,224.95,441.72,339.47,466.26,4.29,388.55
Delhi,2018-11-14,312,171.6,336.96,258.96,355.68,3.28,296.4
Delhi,2018-11-15,217,119.35,234.36,180.11,247.38,2.28,206.15
Delhi,2018-11-16,285,156.75,307.8,236.55,324.9,2.99,270.75
Delhi,2018-11-17,267,146.85,288.36,221.61,304.38,2.8,253.65
Delhi,2018-11-18,311,171.05,335.88,258.13,354.54,3.27,295.45
Delhi,2018-11-19,330,181.5,356.4,273.9,376.2,3.47,313.5
Delhi,2018-11-20,374,205.7,403.92,310.42,426.36,3.93,355.3
Delhi,2018-11-21,374,205.7,403.92,310.42,426.36,3.93,355.3
Delhi,2018-11-22,273,150.15,294.84,226.59,311.22,2.87,259.35
Delhi,2018-11-23,337,185.35,363.96,279.71,384.18,3.54,320.15
Delhi,2018-11-24,249,136.95,268.92,206.67,283.86,2.61,236.55
Delhi,2018-11-25,262,144.1,282.96,217.46,298.68,2.75,248.9
Delhi,2018-11-26,336,184.8,362.88,278.88,383.04,3.53,319.2
Delhi,2018-11-27,352,193.6,380.16,292.16,401.28,3.7,334.4
Delhi,2018-11-28,316,173.8,341.28,262.28,360.24,3.32,300.2
Delhi,2018-11-29,358,196.9,386.64,297.14,408.12,3.76,340.1
Delhi,2018-11-30,352,193.6,380.16,292.16,401.28,3.7,334.4
Delhi,2018-12-01,306,168.3,330.48,253.98,348.84,3.21,290.7
Delhi,2018-12-02,297,163.35,320.76,246.51,338.58,3.12,282.15
Delhi,2018-12-03,328,180.4,354.24,272.24,373.92,3.44,311.6
Delhi,2018-12-04,356,195.8,384.48,295.48,405.84,3.74,338.2
Delhi,2018-12-05,331,182.05,357.48,274.73,377.34,3.48,314.45
Delhi,2018-12-06,349,191.95,376.92,289.67,397.86,3.66,331.55
Delhi,2018-12-07,348,191.4,375.84,288.84,396.72,3.65,330.6
Delhi,2018-12-08,347,190.85,374.76,288.01,395.58,3.64,329.65
Delhi,2018-12-09,374,205.7,403.92,310.42,426.36,3.93,355.3
Delhi,2018-12-10,403,221.65,435.24,334.49,459.42,4.23,382.85
Delhi,2018-12-11,413,227.15,446.04,342.79,470.82,4.34,392.35
Delhi,2018-12-12,392,215.6,423.36,325.36,446.88,4.12,372.4
Delhi,2018-12-13,194,106.7,209.52,161.02,221.16,2.04,184.3
Delhi,2018-12-14,249,136.95,268.92,206.67,283.86,2.61,236.55
Delhi,2018-12-15,261,143.55,281.88,216.63,297.54,2.74,247.95
Delhi,2018-12-16,282,155.1,304.56,234.06,321.48,2.96,267.9
Delhi,2018-12-17,337,185.35,363.96,279.71,384.18,3.54,320.15
Delhi,2018-12-18,353,194.15,381.24,292.99,402.42,3.71,335.35
Delhi,2018-12-19,353,194.15,381.24,292.99,402.42,3.71,335.35
Delhi,2018-12-20,394,216.7,425.52,327.02,449.16,4.14,374.3
Delhi,2018-12-21,386,212.3,416.88,320.38,440.04,4.05,366.7
Delhi,2018-12-22,421,231.55,454.68,349.43,479.94,4.42,399.95
Delhi,2018-12-23,450,247.5,486.0,373.5,513.0,4.73,427.5
Delhi,2018-12-24,448,246.4,483.84,371.84,510.72,4.7,425.6
Delhi,2018-12-25,409,224.95,441.72,339.47,466.26,4.29,388.55
Delhi,2018-12-26,384,211.2,414.72,318.72,437.76,4.03,364.8
Delhi,2018-12-27,399,219.45,430.92,331.17,454.86,4.19,379.05
Delhi,2018-12-28,392,215.6,423.36,325.36,446.88,4.12,372.4
Delhi,2018-12-29,385,211.75,415.8,319.55,438.9,4.04,365.75
Delhi,2018-12-30,415,228.25,448.2,344.45,473.1,4.36,394.25
Delhi,2018-12-31,420,231.0,453.6,348.6,478.8,4.41,399.0
Delhi,2019-01-01,393,216.15,424.44,326.19,448.02,4.13,373.35
Delhi,2019-01-02,430,236.5,464.4,356.9,490.2,4.52,408.5
Delhi,2019-01-03,444,244.2,479.52,368.52,506.16,4.66,421.8
Delhi,2019-01-04,386,212.3,416.88,320.38,440.04,4.05,366.7
Delhi,2019-01-05,407,223.85,439.56,337.81,463.98,4.27,386.65
Delhi,2019-01-06,336,184.8,362.88,278.88,383.04,3.53,319.2
Delhi,2019-01-07,333,183.15,359.64,276.39,379.62,3.5,316.35
Delhi,2019-01-08,320,176.0,345.6,265.6,364.8,3.36,304.0
Delhi,2019-01-09,288,158.4,311.04,239.04,328.32,3.02,273.6
Delhi,2019-01-10,292,160.6,315.36,242.36,332.88,3.07,277.4
Delhi,2019-01-11,371,204.05,400.68,307.93,422.94,3.9,352.45
Delhi,2019-01-12,423,232.65,456.84,351.09,482.22,4.44,401.85
Delhi,2019-01-13,414,227.7,447.12,343.62,471.96,4.35,393.3
Delhi,2019-01-14,247,135.85,266.76,205.01,281.58,2.59,234.65
Delhi,2019-01-15,237,130.35,255.96,196.71,270.18,2.49,225.15
Delhi,2019-01-16,371,204.05,400.68,307.93,422.94,3.9,352.45
Delhi,2019-01-17,440,242.0,475.2,365.2,501.6,4.62,418.0
Delhi,2019-01-18,397,218.35,428.76,329.51,452.58,4.17,377.15
Delhi,2019-01-19,378,207.9,408.24,313.74,430.92,3.97,359.1
Delhi,2019-01-20,404,222.2,436.32,335.32,460.56,4.24,383.8
Delhi,2019-01-21,346,190.3,373.68,287.18,394.44,3.63,328.7
Delhi,2019-01-22,104,57.2,112.32,86.32,118.56,1.09,98.8
Delhi,2019-01-23,212,116.6,228.96,175.96,241.68,2.23,201.4
Delhi,2019-01-24,311,171.05,335.88,258.13,354.54,3.27,295.45
Delhi,2019-01-25,151,83.05,163.08,125.33,172.14,1.59,143.45
Delhi,2019-01-26,233,128.15,251.64,193.39,265.62,2.45,221.35
Delhi,2019-01-27,262,144.1,282.96,217.46,298.68,2.75,248.9
Delhi,2019-01-28,267,146.85,288.36,221.61,304.38,2.8,253.65
Delhi,2019-01-29,276,151.8,298.08,229.08,314.64,2.9,262.2
Delhi,2019-01-30,327,179.85,353.16,271.41,372.78,3.43,310.65
Delhi,2019-01-31,359,197.45,387.72,297.97,409.26,3.77,341.05
Delhi,2019-02-01,306,168.3,330.48,253.98,348.84,3.21,290.7
Delhi,2019-02-02,332,182.6,358.56,275.56,378.48,3.49,315.4
Delhi,2019-02-03,289,158.95,312.12,239.87,329.46,3.03,274.55
Delhi,2019-02-04,288,158.4,311.04,239.04,328.32,3.02,273.6
Delhi,2019-02-05,382,210.1,412.56,317.06,435.48,4.01,362.9
Delhi,2019-02-06,352,193.6,380.16,292.16,401.28,3.7,334.4
Delhi,2019-02-07,176,96.8,190.08,146.08,200.64,1.85,167.2
Delhi,2019-02-08,144,79.2,155.52,119.52,164.16,1.51,136.8
Delhi,2019-02-09,158,86.9,170.64,131.14,180.12,1.66,150.1
Delhi,2019-02-10,276,151.8,298.08,229.08,314.64,2.9,262.2
Delhi,2019-02-11,309,169.95,333.72,256.47,352.26,3.24,293.55
Delhi,2019-02-12,342,188.1,369.36,283.86,389.88,3.59,324.9
Delhi,2019-02-13,367,201.85,396.36,304.61,418.38,3.85,348.65
Delhi,2019-02-14,340,187.0,367.2,282.2,387.6,3.57,323.0
Delhi,2019-02-15,245,134.75,264.6,203.35,279.3,2.57,232.75
Delhi,2019-02-16,276,151.8,298.08,229.08,314.64,2.9,262.2
Delhi,2019-02-17,222,122.1,239.76,184.26,253.08,2.33,210.9
Delhi,2019-02-18,255,140.25,275.4,211.65,290.7,2.68,242.25
Delhi,2019-02-19,221,121.55,238.68,183.43,251.94,2.32,209.95
Delhi,2019-02-20,271,149.05,292.68,224.93,308.94,2.85,257.45
Delhi,2019-02-21,144,79.2,155.52,119.52,164.16,1.51,136.8
Delhi,2019-02-22,186,102.3,200.88,154.38,212.04,1.95,176.7
Delhi,2019-02-23,113,62.15,122.04,93.79,128.82,1.19,107.35
Delhi,2019-02-24,190,104.5,205.2,157.7,216.6,2.0,180.5
Delhi,2019-02-25,217,119.35,234.36,180.11,247.38,2.28,206.15
Delhi,2019-02-26,116,63.8,125.28,96.28,132.24,1.22,110.2
Delhi,2019-02-27,100,55.0,108.0,83.0,114.0,1.05,95.0
Delhi,2019-02-28,170,93.5,183.6,141.1,193.8,1.79,161.5
Delhi,2019-03-01,225,123.75,243.0,186.75,256.5,2.36,213.75
Delhi,2019-03-02,217,119.35,234.36,180.11,247.38,2.28,206.15
Delhi,2019-03-03,117,64.35,126.36,97.11,133.38,1.23,111.15
Delhi,2019-03-04,234,128.7,252.72,194.22,266.76,2.46,222.3
Delhi,2019-03-05,140,77.0,151.2,116.2,159.6,1.47,133.0
Delhi,2019-03-06,186,102.3,200.88,154.38,212.04,1.95,176.7
Delhi,2019-03-07,217,119.35,234.36,180.11,247.38,2.28,206.15
Delhi,2019-03-08,197,108.35,212.76,163.51,224.58,2.07,187.15
Delhi,2019-03-09,187,102.85,201.96,155.21,213.18,1.96,177.65
Delhi,2019-03-10,160,88.0,172.8,132.8,182.4,1.68,152.0
Delhi,2019-03-11,187,102.85,201.96,155.21,213.18,1.96,177.65
Delhi,2019-03-12,134,73.7,144.72,111.22,152.76,1.41,127.3
Delhi,2019-03-13,178,97.9,192.24,147.74,202.92,1.87,169.1
Delhi,2019-03-14,266,146.3,287.28,220.78,303.24,2.79,252.7
Delhi,2019-03-15,154,84.7,166.32,127.82,175.56,1.62,146.3
Delhi,2019-03-16,139,76.45,150.12,115.37,158.46,1.46,132.05
Delhi,2019-03-17,192,105.6,207.36,159.36,218.88,2.02,182.4
Delhi,2019-03-18,196,107.8,211.68,162.68,223.44,2.06,186.2
Delhi,2019-03-19,216,118.8,233.28,179.28,246.24,2.27,205.2
Delhi,2019-03-20,208,114.4,224.64,172.64,237.12,2.18,197.6
Delhi,2019-03-21,242,133.1,261.36,200.86,275.88,2.54,229.9
Delhi,2019-03-22,114,62.7,123.12,94.62,129.96,1.2,108.3
Delhi,2019-03-23,132,72.6,142.56,109.56,150.48,1.39,125.4
Delhi,2019-03-24,121,66.55,130.68,100.43,137.94,1.27,114.95
Delhi,2019-03-25,139,76.45,150.12,115.37,158.46,1.46,132.05
Delhi,2019-03-26,159,87.45,171.72,131.97,181.26,1.67,151.05
Delhi,2019-03-27,171,94.05,184.68,141.93,194.94,1.8,162.45
Delhi,2019-03-28,234,128.7,252.72,194.22,266.76,2.46,222.3
Delhi,2019-03-29,232,127.6,250.56,192.56,264.48,2.44,220.4
Delhi,2019-03-30,233,128.15,251.64,193.39,265.62,2.45,221.35
Delhi,2019-03-31,182,100.1,196.56,151.06,207.48,1.91,172.9
Delhi,2019-04-01,151,83.05,163.08,125.33,172.14,1.59,143.45
Delhi,2019-04-02,198,108.9,213.84,164.34,225.72,2.08,188.1
Delhi,2019-04-03,187,102.85,201.96,155.21,213.18,1.96,177.65
Delhi,2019-04-04,254,139.7,274.32,210.82,289.56,2.67,241.3
Delhi,2019-04-05,264,145.2,285.12,219.12,300.96,2.77,250.8
Delhi,2019-04-06,266,146.3,287.28,220.78,303.24,2.79,252.7
Delhi,2019-04-07,302,166.1,326.16,250.66,344.28,3.17,286.9
Delhi,2019-04-08,264,145.2,285.12,219.12,300.96,2.77,250.8
Delhi,2019-04-09,204,112.2,220.32,169.32,232.56,2.14,193.8
Delhi,2019-04-10,238,130.9,257.04,197.54,271.32,2.5,226.1
Delhi,2019-04-11,183,100.65,197.64,151.89,208.62,1.92,173.85
Delhi,2019-04-12,212,116.6,228.96,175.96,241.68,2.23,201.4
Delhi,2019-04-13,170,93.5,183.6,141.1,193.8,1.79,161.5
Delhi,2019-04-14,137,75.35,147.96,113.71,156.18,1.44,130.15
Delhi,2019-04-15,168,92.4,181.44,139.44,191.52,1.76,159.6
Delhi,2019-04-16,180,99.0,194.4,149.4,205.2,1.89,171.0
Delhi,2019-04-17,84,46.2,90.72,69.72,95.76,0.88,79.8
Delhi,2019-04-18,114,62.7,123.12,94.62,129.96,1.2,108.3
Delhi,2019-04-19,157,86.35,169.56,130.31,178.98,1.65,149.15
Delhi,2019-04-20,198,108.9,213.84,164.34,225.72,2.08,188.1
Delhi,2019-04-21,203,111.65,219.24,168.49,231.42,2.13,192.85
Delhi,2019-04-22,236,129.8,254.88,195.88,269.04,2.48,224.2
Delhi,2019-04-23,247,135.85,266.76,205.01,281.58,2.59,234.65
Delhi,2019-04-24,221,121.55,238.68,183.43,251.94,2.32,209.95
Delhi,2019-04-25,251,138.05,271.08,208.33,286.14,2.64,238.45
Delhi,2019-04-26,215,118.25,232.2,178.45,245.1,2.26,204.25
Delhi,2019-04-27,256,140.8,276.48,212.48,291.84,2.69,243.2
Delhi,2019-04-28,264,145.2,285.12,219.12,300.96,2.77,250.8
Delhi,2019-04-29,248,136.4,267.84,205.84,282.72,2.6,235.6
Delhi,2019-04-30,250,137.5,270.0,207.5,285.0,2.63,237.5
Delhi,2019-05-01,295,162.25,318.6,244.85,336.3,3.1,280.25
Delhi,2019-05-02,257,141.35,277.56,213.31,292.98,2.7,244.15
Delhi,2019-05-03,183,100.65,197.64,151.89,208.62,1.92,173.85
Delhi,2019-05-04,182,100.1,196.56,151.06,207.48,1.91,172.9
Delhi,2019-05-05,227,124.85,245.16,188.41,258.78,2.38,215.65
Delhi,2019-05-06,249,136.95,268.92,206.67,283.86,2.61,236.55
Delhi,2019-05-07,294,161.7,317.52,244.02,335.16,3.09,279.3
Delhi,2019-05-08,357,196.35,385.56,296.31,406.98,3.75,339.15
Delhi,2019-05-09,347,190.85,374.76,288.01,395.58,3.64,329.65
Delhi,2019-05-10,277,152.35,299.16,229.91,315.78,2.91,263.15
Delhi,2019-05-11,251,138.05,271.08,208.33,286.14,2.64,238.45
Delhi,2019-05-12,334,183.7,360.72,277.22,380.76,3.51,317.3
Delhi,2019-05-13,322,177.1,347.76,267.26,367.08,3.38,305.9
Delhi,2019-05-14,153,84.15,165.24,126.99,174.42,1.61,145.35
Delhi,2019-05-15,186,102.3,200.88,154.38,212.04,1.95,176.7
Delhi,2019-05-16,187,102.85,201.96,155.21,213.18,1.96,177.65
Delhi,2019-05-17,265,145.75,286.2,219.95,302.1,2.78,251.75
Delhi,2019-05-18,105,57.75,113.4,87.15,119.7,1.1,99.75
Delhi,2019-05-19,185,101.75,199.8,153.55,210.9,1.94,175.75
Delhi,2019-05-20,206,113.3,222.48,170.98,234.84,2.16,195.7
Delhi,2019-05-21,190,104.5,205.2,157.7,216.6,2.0,180.5
Delhi,2019-05-22,158,86.9,170.64,131.14,180.12,1.66,150.1
Delhi,2019-05-23,223,122.65,240.84,185.09,254.22,2.34,211.85
Delhi,2019-05-24,123,67.65,132.84,102.09,140.22,1.29,116.85
Delhi,2019-05-25,121,66.55,130.68,100.43,137.94,1.27,114.95
Delhi,2019-05-26,142,78.1,153.36,117.86,161.88,1.49,134.9
Delhi,2019-05-27,160,88.0,172.8,132.8,182.4,1.68,152.0
Delhi,2019-05-28,177,97.35,191.16,146.91,201.78,1.86,168.15
Delhi,2019-05-29,185,101.75,199.8,153.55,210.9,1.94,175.75
Delhi,2019-05-30,218,119.9,235.44,180.94,248.52,2.29,207.1
Delhi,2019-05-31,280,154.0,302.4,232.4,319.2,2.94,266.0
Delhi,2019-06-01,264,145.2,285.12,219.12,300.96,2.77,250.8
Delhi,2019-06-02,201,110.55,217.08,166.83,229.14,2.11,190.95
Delhi,2019-06-03,261,143.55,281.88,216.63,297.54,2.74,247.95
Delhi,2019-06-04,169,92.95,182.52,140.27,192.66,1.77,160.55
Delhi,2019-06-05,192,105.6,207.36,159.36,218.88,2.02,182.4
Delhi,2019-06-06,206,113.3,222.48,170.98,234.84,2.16,195.7
Delhi,2019-06-07,173,95.15,186.84,143.59,197.22,1.82,164.35
Delhi,2019-06-08,181,99.55,195.48,150.23,206.34,1.9,171.95
Delhi,2019-06-09,239,131.45,258.12,198.37,272.46,2.51,227.05
Delhi,2019-06-10,207,113.85,223.56,171.81,235.98,2.17,196.65
Delhi,2019-06-11,307,168.85,331.56,254.81,349.98,3.22,291.65
Delhi,2019-06-12,233,128.15,251.64,193.39,265.62,2.45,221.35
Delhi,2019-06-13,175,96.25,189.0,145.25,199.5,1.84,166.25
Delhi,2019-06-14,171,94.05,184.68,141.93,194.94,1.8,162.45
Delhi,2019-06-15,224,123.2,241.92,185.92,255.36,2.35,212.8
Delhi,2019-06-16,178,97.9,192.24,147.74,202.92,1.87,169.1
Delhi,2019-06-17,123,67.65,132.84,102.09,140.22,1.29,116.85
Delhi,2019-06-18,97,53.35,104.76,80.51,110.58,1.02,92.15
Delhi,2019-06-19,199,109.45,214.92,165.17,226.86,2.09,189.05
Delhi,2019-06-20,141,77.55,152.28,117.03,160.74,1.48,133.95
Delhi,2019-06-21,177,97.35,191.16,146.91,201.78,1.86,168.15
Delhi,2019-06-22,189,103.95,204.12,156.87,215.46,1.98,179.55
Delhi,2019-06-23,148,81.4,159.84,122.84,168.72,1.55,140.6
Delhi,2019-06-24,109,59.95,117.72,90.47,124.26,1.14,103.55
Delhi,2019-06-25,133,73.15,143.64,110.39,151.62,1.4,126.35
Delhi,2019-06-26,162,89.1,174.96,134.46,184.68,1.7,153.9
Delhi,2019-06-27,184,101.2,198.72,152.72,209.76,1.93,174.8
Delhi,2019-06-28,191,105.05,206.28,158.53,217.74,2.01,181.45
Delhi,2019-06-29,231,127.05,249.48,191.73,263.34,2.43,219.45
Delhi,2019-06-30,237,130.35,255.96,196.71,270.18,2.49,225.15
Delhi,2019-07-01,183,100.65,197.64,151.89,208.62,1.92,173.85
Delhi,2019-07-02,218,119.9,235.44,180.94,248.52,2.29,207.1
Delhi,2019-07-03,136,74.8,146.88,112.88,155.04,1.43,129.2
Delhi,2019-07-04,103,56.65,111.24,85.49,117.42,1.08,97.85
Delhi,2019-07-05,106,58.3,114.48,87.98,120.84,1.11,100.7
Delhi,2019-07-06,88,48.4,95.04,73.04,100.32,0.92,83.6
Delhi,2019-07-07,91,50.05,98.28,75.53,103.74,0.96,86.45
Delhi,2019-07-08,127,69.85,137.16,105.41,144.78,1.33,120.65
Delhi,2019-07-09,126,69.3,136.08,104.58,143.64,1.32,119.7
Delhi,2019-07-10,148,81.4,159.84,122.84,168.72,1.55,140.6
Delhi,2019-07-11,317,174.35,342.36,263.11,361.38,3.33,301.15
Delhi,2019-07-12,272,149.6,293.76,225.76,310.08,2.86,258.4
Delhi,2019-07-13,275,151.25,297.0,228.25,313.5,2.89,261.25
Delhi,2019-07-14,235,129.25,253.8,195.05,267.9,2.47,223.25
Delhi,2019-07-15,168,92.4,181.44,139.44,191.52,1.76,159.6
Delhi,2019-07-16,93,51.15,100.44,77.19,106.02,0.98,88.35
Delhi,2019-07-17,73,40.15,78.84,60.59,83.22,0.77,69.35
Delhi,2019-07-18,85,46.75,91.8,70.55,96.9,0.89,80.75
Delhi,2019-07-19,145,79.75,156.6,120.35,165.3,1.52,137.75
Delhi,2019-07-20,124,68.2,133.92,102.92,141.36,1.3,117.8
Delhi,2019-07-21,108,59.4,116.64,89.64,123.12,1.13,102.6
Delhi,2019-07-22,112,61.6,120.96,92.96,127.68,1.18,106.4
Delhi,2019-07-23,148,81.4,159.84,122.84,168.72,1.55,140.6
Delhi,2019-07-24,164,90.2,177.12,136.12,186.96,1.72,155.8
Delhi,2019-07-25,78,42.9,84.24,64.74,88.92,0.82,74.1
Delhi,2019-07-26,81,44.55,87.48,67.23,92.34,0.85,76.95
Delhi,2019-07-27,61,33.55,65.88,50.63,69.54,0.64,57.95
Delhi,2019-07-28,64,35.2,69.12,53.12,72.96,0.67,60.8
Delhi,2019-07-29,65,35.75,70.2,53.95,74.1,0.68,61.75
Delhi,2019-07-30,80,44.0,86.4,66.4,91.2,0.84,76.0
Delhi,2019-07-31,80,44.0,86.4,66.4,91.2,0.84,76.0
Delhi,2019-08-01,89,48.95,96.12,73.87,101.46,0.93,84.55
Delhi,2019-08-02,84,46.2,90.72,69.72,95.76,0.88,79.8
Delhi,2019-08-03,89,48.95,96.12,73.87,101.46,0.93,84.55
Delhi,2019-08-04,87,47.85,93.96,72.21,99.18,0.91,82.65
Delhi,2019-08-05,105,57.75,113.4,87.15,119.7,1.1,99.75
Delhi,2019-08-06,76,41.8,82.08,63.08,86.64,0.8,72.2
Delhi,2019-08-07,75,41.25,81.0,62.25,85.5,0.79,71.25
Delhi,2019-08-08,79,43.45,85.32,65.57,90.06,0.83,75.05
Delhi,2019-08-09,75,41.25,81.0,62.25,85.5,0.79,71.25
Delhi,2019-08-10,59,32.45,63.72,48.97,67.26,0.62,56.05
Delhi,2019-08-11,68,37.4,73.44,56.44,77.52,0.71,64.6
Delhi,2019-08-12,57,31.35,61.56,47.31,64.98,0.6,54.15
Delhi,2019-08-13,69,37.95,74.52,57.27,78.66,0.72,65.55
Delhi,2019-08-14,63,34.65,68.04,52.29,71.82,0.66,59.85
Delhi,2019-08-15,75,41.25,81.0,62.25,85.5,0.79,71.25
Delhi,2019-08-16,53,29.15,57.24,43.99,60.42,0.56,50.35
Delhi,2019-08-17,49,26.95,52.92,40.67,55.86,0.51,46.55
Delhi,2019-08-18,49,26.95,52.92,40.67,55.86,0.51,46.55
Delhi,2019-08-19,81,44.55,87.48,67.23,92.34,0.85,76.95
Delhi,2019-08-20,97,53.35,104.76,80.51,110.58,1.02,92.15
Delhi,2019-08-21,109,59.95,117.72,90.47,124.26,1.14,103.55
Delhi,2019-08-22,123,67.65,132.84,102.09,140.22,1.29,116.85
Delhi,2019-08-23,129,70.95,139.32,107.07,147.06,1.35,122.55
Delhi,2019-08-24,147,80.85,158.76,122.01,167.58,1.54,139.65
Delhi,2019-08-25,91,50.05,98.28,75.53,103.74,0.96,86.45
Delhi,2019-08-26,66,36.3,71.28,54.78,75.24,0.69,62.7
Delhi,2019-08-27,117,64.35,126.36,97.11,133.38,1.23,111.15
Delhi,2019-08-28,105,57.75,113.4,87.15,119.7,1.1,99.75
Delhi,2019-08-29,91,50.05,98.28,75.53,103.74,0.96,86.45
Delhi,2019-08-30,101,55.55,109.08,83.83,115.14,1.06,95.95
Delhi,2019-08-31,114,62.7,123.12,94.62,129.96,1.2,108.3
Delhi,2019-09-01,108,59.4,116.64,89.64,123.12,1.13,102.6
Delhi,2019-09-02,96,52.8,103.68,79.68,109.44,1.01,91.2
Delhi,2019-09-03,141,77.55,152.28,117.03,160.74,1.48,133.95
Delhi,2019-09-04,173,95.15,186.84,143.59,197.22,1.82,164.35
Delhi,2019-09-05,95,52.25,102.6,78.85,108.3,1.0,90.25
Delhi,2019-09-06,90,49.5,97.2,74.7,102.6,0.95,85.5
Delhi,2019-09-07,82,45.1,88.56,68.06,93.48,0.86,77.9
Delhi,2019-09-08,77,42.35,83.16,63.91,87.78,0.81,73.15
Delhi,2019-09-09,108,59.4,116.64,89.64,123.12,1.13,102.6
Delhi,2019-09-10,137,75.35,147.96,113.71,156.18,1.44,130.15
Delhi,2019-09-11,168,92.4,181.44,139.44,191.52,1.76,159.6
Delhi,2019-09-12,151,83.05,163.08,125.33,172.14,1.59,143.45
Delhi,2019-09-13,86,47.3,92.88,71.38,98.04,0.9,81.7
Delhi,2019-09-14,72,39.6,77.76,59.76,82.08,0.76,68.4
Delhi,2019-09-15,72,39.6,77.76,59.76,82.08,0.76,68.4
Delhi,2019-09-16,105,57.75,113.4,87.15,119.7,1.1,99.75
Delhi,2019-09-17,135,74.25,145.8,112.05,153.9,1.42,128.25
Delhi,2019-09-18,110,60.5,118.8,91.3,125.4,1.16,104.5
Delhi,2019-09-19,66,36.3,71.28,54.78,75.24,0.69,62.7
Delhi,2019-09-20,90,49.5,97.2,74.7,102.6,0.95,85.5
Delhi,2019-09-21,114,62.7,123.12,94.62,129.96,1.2,108.3
Delhi,2019-09-22,67,36.85,72.36,55.61,76.38,0.7,63.65
Delhi,2019-09-23,83,45.65,89.64,68.89,94.62,0.87,78.85
Delhi,2019-09-24,94,51.7,101.52,78.02,107.16,0.99,89.3
Delhi,2019-09-25,90,49.5,97.2,74.7,102.6,0.95,85.5
Delhi,2019-09-26,74,40.7,79.92,61.42,84.36,0.78,70.3
Delhi,2019-09-27,63,34.65,68.04,52.29,71.82,0.66,59.85
Delhi,2019-09-28,67,36.85,72.36,55.61,76.38,0.7,63.65
Delhi,2019-09-29,60,33.0,64.8,49.8,68.4,0.63,57.0
Delhi,2019-09-30,68,37.4,73.44,56.44,77.52,0.71,64.6
Delhi,2019-10-01,93,51.15,100.44,77.19,106.02,0.98,88.35
Delhi,2019-10-02,90,49.5,97.2,74.7,102.6,0.95,85.5
Delhi,2019-10-03,136,74.8,146.88,112.88,155.04,1.43,129.2
Delhi,2019-10-04,100,55.0,108.0,83.0,114.0,1.05,95.0
Delhi,2019-10-05,98,53.9,105.84,81.34,111.72,1.03,93.1
Delhi,2019-10-06,127,69.85,137.16,105.41,144.78,1.33,120.65
Delhi,2019-10-07,130,71.5,140.4,107.9,148.2,1.37,123.5
Delhi,2019-10-08,112,61.6,120.96,92.96,127.68,1.18,106.4
Delhi,2019-10-09,173,95.15,186.84,143.59,197.22,1.82,164.35
Delhi,2019-10-10,211,116.05,227.88,175.13,240.54,2.22,200.45
Delhi,2019-10-11,216,118.8,233.28,179.28,246.24,2.27,205.2
Delhi,2019-10-12,222,122.1,239.76,184.26,253.08,2.33,210.9
Delhi,2019-10-13,270,148.5,291.6,224.1,307.8,2.84,256.5
Delhi,2019-10-14,252,138.6,272.16,209.16,287.28,2.65,239.4
Delhi,2019-10-15,270,148.5,291.6,224.1,307.8,2.84,256.5
Delhi,2019-10-16,304,167.2,328.32,252.32,346.56,3.19,288.8
Delhi,2019-10-17,284,156.2,306.72,235.72,323.76,2.98,269.8
Delhi,2019-10-18,248,136.4,267.84,205.84,282.72,2.6,235.6
Delhi,2019-10-19,161,88.55,173.88,133.63,183.54,1.69,152.95
Delhi,2019-10-20,238,130.9,257.04,197.54,271.32,2.5,226.1
Delhi,2019-10-21,249,136.95,268.92,206.67,283.86,2.61,236.55
Delhi,2019-10-22,207,113.85,223.56,171.81,235.98,2.17,196.65
Delhi,2019-10-23,242,133.1,261.36,200.86,275.88,2.54,229.9
Delhi,2019-10-24,311,171.05,335.88,258.13,354.54,3.27,295.45
Delhi,2019-10-25,284,156.2,306.72,235.72,323.76,2.98,269.8
Delhi,2019-10-26,287,157.85,309.96,238.21,327.18,3.01,272.65
Delhi,2019-10-27,337,185.35,363.96,279.71,384.18,3.54,320.15
Delhi,2019-10-28,368,202.4,397.44,305.44,419.52,3.86,349.6
Delhi,2019-10-29,400,220.0,432.0,332.0,456.0,4.2,380.0
Delhi,2019-10-30,419,230.45,452.52,347.77,477.66,4.4,398.05
Delhi,2019-10-31,410,225.5,442.8,340.3,467.4,4.31,389.5
Delhi,2019-11-01,484,266.2,522.72,401.72,551.76,5.08,459.8
Delhi,2019-11-02,399,219.45,430.92,331.17,454.86,4.19,379.05
Delhi,2019-11-03,494,271.7,533.52,410.02,563.16,5.19,469.3
Delhi,2019-11-04,407,223.85,439.56,337.81,463.98,4.27,386.65
Delhi,2019-11-05,324,178.2,349.92,268.92,369.36,3.4,307.8
Delhi,2019-11-06,214,117.7,231.12,177.62,243.96,2.25,203.3
Delhi,2019-11-07,309,169.95,333.72,256.47,352.26,3.24,293.55
Delhi,2019-11-08,330,181.5,356.4,273.9,376.2,3.47,313.5
Delhi,2019-11-09,283,155.65,305.64,234.89,322.62,2.97,268.85
Delhi,2019-11-10,321,176.55,346.68,266.43,365.94,3.37,304.95
Delhi,2019-11-11,360,198.0,388.8,298.8,410.4,3.78,342.0
Delhi,2019-11-12,425,233.75,459.0,352.75,484.5,4.46,403.75
Delhi,2019-11-13,456,250.8,492.48,378.48,519.84,4.79,433.2
Delhi,2019-11-14,463,254.65,500.04,384.29,527.82,4.86,439.85
Delhi,2019-11-15,458,251.9,494.64,380.14,522.12,4.81,435.1
Delhi,2019-11-16,357,196.35,385.56,296.31,406.98,3.75,339.15
Delhi,2019-11-17,215,118.25,232.2,178.45,245.1,2.26,204.25
Delhi,2019-11-18,214,117.7,231.12,177.62,243.96,2.25,203.3
Delhi,2019-11-19,242,133.1,261.36,200.86,275.88,2.54,229.9
Delhi,2019-11-20,301,165.55,325.08,249.83,343.14,3.16,285.95
Delhi,2019-11-21,366,201.3,395.28,303.78,417.24,3.84,347.7
Delhi,2019-11-22,360,198.0,388.8,298.8,410.4,3.78,342.0
Delhi,2019-11-23,312,171.6,336.96,258.96,355.68,3.28,296.4
Delhi,2019-11-24,234,128.7,252.72,194.22,266.76,2.46,222.3
Delhi,2019-11-25,252,138.6,272.16,209.16,287.28,2.65,239.4
Delhi,2019-11-26,270,148.5,291.6,224.1,307.8,2.84,256.5
Delhi,2019-11-27,134,73.7,144.72,111.22,152.76,1.41,127.3
Delhi,2019-11-28,106,58.3,114.48,87.98,120.84,1.11,100.7
Delhi,2019-11-29,84,46.2,90.72,69.72,95.76,0.88,79.8
Delhi,2019-11-30,193,106.15,208.44,160.19,220.02,2.03,183.35
Delhi,2019-12-01,250,137.5,270.0,207.5,285.0,2.63,237.5
Delhi,2019-12-02,279,153.45,301.32,231.57,318.06,2.93,265.05
Delhi,2019-12-03,282,155.1,304.56,234.06,321.48,2.96,267.9
Delhi,2019-12-04,296,162.8,319.68,245.68,337.44,3.11,281.2
Delhi,2019-12-05,382,210.1,412.56,317.06,435.48,4.01,362.9
Delhi,2019-12-06,404,222.2,436.32,335.32,460.56,4.24,383.8
Delhi,2019-12-07,371,204.05,400.68,307.93,422.94,3.9,352.45
Delhi,2019-12-08,391,215.05,422.28,324.53,445.74,4.11,371.45
Delhi,2019-12-09,343,188.65,370.44,284.69,391.02,3.6,325.85
Delhi,2019-12-10,369,202.95,398.52,306.27,420.66,3.87,350.55
Delhi,2019-12-11,408,224.4,440.64,338.64,465.12,4.28,387.6
Delhi,2019-12-12,430,236.5,464.4,356.9,490.2,4.52,408.5
Delhi,2019-12-13,240,132.0,259.2,199.2,273.6,2.52,228.0
Delhi,2019-12-14,163,89.65,176.04,135.29,185.82,1.71,154.85
Delhi,2019-12-15,213,117.15,230.04,176.79,242.82,2.24,202.35
Delhi,2019-12-16,186,102.3,200.88,154.38,212.04,1.95,176.7
Delhi,2019-12-17,168,92.4,181.44,139.44,191.52,1.76,159.6
Delhi,2019-12-18,292,160.6,315.36,242.36,332.88,3.07,277.4
Delhi,2019-12-19,362,199.1,390.96,300.46,412.68,3.8,343.9
Delhi,2019-12-20,432,237.6,466.56,358.56,492.48,4.54,410.4
Delhi,2019-12-21,418,229.9,451.44,346.94,476.52,4.39,397.1
Delhi,2019-12-22,322,177.1,347.76,267.26,367.08,3.38,305.9
Delhi,2019-12-23,327,179.85,353.16,271.41,372.78,3.43,310.65
Delhi,2019-12-24,383,210.65,413.64,317.89,436.62,4.02,363.85
Delhi,2019-12-25,350,192.5,378.0,290.5,399.0,3.68,332.5
Delhi,2019-12-26,349,191.95,376.92,289.67,397.86,3.66,331.55
Delhi,2019-12-27,373,205.15,402.84,309.59,425.22,3.92,354.35
Delhi,2019-12-28,409,224.95,441.72,339.47,466.26,4.29,388.55
Delhi,2019-12-29,431,237.05,465.48,357.73,491.34,4.53,409.45
Delhi,2019-12-30,446,245.3,481.68,370.18,508.44,4.68,423.7
Delhi,2019-12-31,387,212.85,417.96,321.21,441.18,4.06,367.65
Delhi,2020-01-01,437,240.35,471.96,362.71,498.18,4.59,415.15
Delhi,2020-01-02,417,229.35,450.36,346.11,475.38,4.38,396.15
Delhi,2020-01-03,352,193.6,380.16,292.16,401.28,3.7,334.4
Delhi,2020-01-04,334,183.7,360.72,277.22,380.76,3.51,317.3
Delhi,2020-01-05,330,181.5,356.4,273.9,376.2,3.47,313.5
Delhi,2020-01-06,325,178.75,351.0,269.75,370.5,3.41,308.75
Delhi,2020-01-07,254,139.7,274.32,210.82,289.56,2.67,241.3
Delhi,2020-01-08,266,146.3,287.28,220.78,303.24,2.79,252.7
Delhi,2020-01-09,203,111.65,219.24,168.49,231.42,2.13,192.85
Delhi,2020-01-10,255,140.25,275.4,211.65,290.7,2.68,242.25
Delhi,2020-01-11,288,158.4,311.04,239.04,328.32,3.02,273.6
Delhi,2020-01-12,348,191.4,375.84,288.84,396.72,3.65,330.6
Delhi,2020-01-13,366,201.3,395.28,303.78,417.24,3.84,347.7
Delhi,2020-01-14,283,155.65,305.64,234.89,322.62,2.97,268.85
Delhi,2020-01-15,218,119.9,235.44,180.94,248.52,2.29,207.1
Delhi,2020-01-16,281,154.55,303.48,233.23,320.34,2.95,266.95
Delhi,2020-01-17,265,145.75,286.2,219.95,302.1,2.78,251.75
Delhi,2020-01-18,243,133.65,262.44,201.69,277.02,2.55,230.85
Delhi,2020-01-19,277,152.35,299.16,229.91,315.78,2.91,263.15
Delhi,2020-01-20,269,147.95,290.52,223.27,306.66,2.82,255.55
Delhi,2020-01-21,364,200.2,393.12,302.12,414.96,3.82,345.8
Delhi,2020-01-22,370,203.5,399.6,307.1,421.8,3.89,351.5
Delhi,2020-01-23,211,116.05,227.88,175.13,240.54,2.22,200.45
Delhi,2020-01-24,151,83.05,163.08,125.33,172.14,1.59,143.45
Delhi,2020-01-25,250,137.5,270.0,207.5,285.0,2.63,237.5
Delhi,2020-01-26,325,178.75,351.0,269.75,370.5,3.41,308.75
Delhi,2020-01-27,345,189.75,372.6,286.35,393.3,3.62,327.75
Delhi,2020-01-28,243,133.65,262.44,201.69,277.02,2.55,230.85
Delhi,2020-01-29,194,106.7,209.52,161.02,221.16,2.04,184.3
Delhi,2020-01-30,202,111.1,218.16,167.66,230.28,2.12,191.9
Delhi,2020-01-31,190,104.5,205.2,157.7,216.6,2.0,180.5
Delhi,2020-02-01,232,127.6,250.56,192.56,264.48,2.44,220.4
Delhi,2020-02-02,244,134.2,263.52,202.52,278.16,2.56,231.8
Delhi,2020-02-03,270,148.5,291.6,224.1,307.8,2.84,256.5
Delhi,2020-02-04,310,170.5,334.8,257.3,353.4,3.26,294.5
Delhi,2020-02-05,312,171.6,336.96,258.96,355.68,3.28,296.4
Delhi,2020-02-06,231,127.05,249.48,191.73,263.34,2.43,219.45
Delhi,2020-02-07,295,162.25,318.6,244.85,336.3,3.1,280.25
Delhi,2020-02-08,289,158.95,312.12,239.87,329.46,3.03,274.55
Delhi,2020-02-09,285,156.75,307.8,236.55,324.9,2.99,270.75
Delhi,2020-02-10,309,169.95,333.72,256.47,352.26,3.24,293.55
Delhi,2020-02-11,323,177.65,348.84,268.09,368.22,3.39,306.85
Delhi,2020-02-12,320,176.0,345.6,265.6,364.8,3.36,304.0
Delhi,2020-02-13,241,132.55,260.28,200.03,274.74,2.53,228.95
Delhi,2020-02-14,173,95.15,186.84,143.59,197.22,1.82,164.35
Delhi,2020-02-15,167,91.85,180.36,138.61,190.38,1.75,158.65
Delhi,2020-02-16,247,135.85,266.76,205.01,281.58,2.59,234.65
Delhi,2020-02-17,293,161.15,316.44,243.19,334.02,3.08,278.35
Delhi,2020-02-18,252,138.6,272.16,209.16,287.28,2.65,239.4
Delhi,2020-02-19,272,149.6,293.76,225.76,310.08,2.86,258.4
Delhi,2020-02-20,230,126.5,248.4,190.9,262.2,2.42,218.5
Delhi,2020-02-21,144,79.2,155.52,119.52,164.16,1.51,136.8
Delhi,2020-02-22,100,55.0,108.0,83.0,114.0,1.05,95.0
Delhi,2020-02-23,225,123.75,243.0,186.75,256.5,2.36,213.75
Delhi,2020-02-24,142,78.1,153.36,117.86,161.88,1.49,134.9
Delhi,2020-02-25,249,136.95,268.92,206.67,283.86,2.61,236.55
Delhi,2020-02-26,274,150.7,295.92,227.42,312.36,2.88,260.3
Delhi,2020-02-27,233,128.15,251.64,193.39,265.62,2.45,221.35
Delhi,2020-02-28,198,108.9,213.84,164.34,225.72,2.08,188.1
Delhi,2020-03-01,90,49.5,97.2,74.7,102.6,0.95,85.5
Delhi,2020-03-02,205,112.75,221.4,170.15,233.7,2.15,194.75
Delhi,2020-03-03,205,112.75,221.4,170.15,233.7,2.15,194.75
Delhi,2020-03-04,195,107.25,210.6,161.85,222.3,2.05,185.25
Delhi,2020-03-05,79,43.45,85.32,65.57,90.06,0.83,75.05
Delhi,2020-03-06,64,35.2,69.12,53.12,72.96,0.67,60.8
Delhi,2020-03-07,67,36.85,72.36,55.61,76.38,0.7,63.65
Delhi,2020-03-08,164,90.2,177.12,136.12,186.96,1.72,155.8
Delhi,2020-03-09,123,67.65,132.84,102.09,140.22,1.29,116.85
Delhi,2020-03-10,188,103.4,203.04,156.04,214.32,1.97,178.6
Delhi,2020-03-11,116,63.8,125.28,96.28,132.24,1.22,110.2
Delhi,2020-03-12,127,69.85,137.16,105.41,144.78,1.33,120.65
Delhi,2020-03-13,173,95.15,186.84,143.59,197.22,1.82,164.35
Delhi,2020-03-14,108,59.4,116.64,89.64,123.12,1.13,102.6
Delhi,2020-03-15,131,72.05,141.48,108.73,149.34,1.38,124.45
Delhi,2020-03-16,139,76.45,150.12,115.37,158.46,1.46,132.05
Delhi,2020-03-17,157,86.35,169.56,130.31,178.98,1.65,149.15
Delhi,2020-03-18,151,83.05,163.08,125.33,172.14,1.59,143.45
Delhi,2020-03-19,186,102.3,200.88,154.38,212.04,1.95,176.7
Delhi,2020-03-20,192,105.6,207.36,159.36,218.88,2.02,182.4
Delhi,2020-03-21,186,102.3,200.88,154.38,212.04,1.95,176.7
Delhi,2020-03-22,191,105.05,206.28,158.53,217.74,2.01,181.45
Delhi,2020-03-23,124,68.2,133.92,102.92,141.36,1.3,117.8
Delhi,2020-03-24,122,67.1,131.76,101.26,139.08,1.28,115.9
Delhi,2020-03-25,77,42.35,83.16,63.91,87.78,0.81,73.15
Delhi,2020-03-26,92,50.6,99.36,76.36,104.88,0.97,87.4
Delhi,2020-03-27,69,37.95,74.52,57.27,78.66,0.72,65.55
Delhi,2020-03-28,45,24.75,48.6,37.35,51.3,0.47,42.75
Delhi,2020-03-29,62,34.1,66.96,51.46,70.68,0.65,58.9
Delhi,2020-03-30,71,39.05,76.68,58.93,80.94,0.75,67.45
Delhi,2020-03-31,76,41.8,82.08,63.08,86.64,0.8,72.2
Delhi,2020-04-01,73,40.15,78.84,60.59,83.22,0.77,69.35
Delhi,2020-04-02,69,37.95,74.52,57.27,78.66,0.72,65.55
Delhi,2020-04-03,79,43.45,85.32,65.57,90.06,0.83,75.05
Delhi,2020-04-04,87,47.85,93.96,72.21,99.18,0.91,82.65
Delhi,2020-04-05,102,56.1,110.16,84.66,116.28,1.07,96.9
Delhi,2020-04-06,142,78.1,153.36,117.86,161.88,1.49,134.9
Delhi,2020-04-07,90,49.5,97.2,74.7,102.6,0.95,85.5
Delhi,2020-04-08,83,45.65,89.64,68.89,94.62,0.87,78.85
Delhi,2020-04-09,86,47.3,92.88,71.38,98.04,0.9,81.7
Delhi,2020-04-10,118,64.9,127.44,97.94,134.52,1.24,112.1
Delhi,2020-04-11,124,68.2,133.92,102.92,141.36,1.3,117.8
Delhi,2020-04-12,94,51.7,101.52,78.02,107.16,0.99,89.3
Delhi,2020-04-13,126,69.3,136.08,104.58,143.64,1.32,119.7
Delhi,2020-04-14,130,71.5,140.4,107.9,148.2,1.37,123.5
Delhi,2020-04-15,155,85.25,167.4,128.65,176.7,1.63,147.25
Delhi,2020-04-16,180,99.0,194.4,149.4,205.2,1.89,171.0
Delhi,2020-04-17,105,57.75,113.4,87.15,119.7,1.1,99.75
Delhi,2020-04-18,98,53.9,105.84,81.34,111.72,1.03,93.1
Delhi,2020-04-19,85,46.75,91.8,70.55,96.9,0.89,80.75
Delhi,2020-04-20,119,65.45,128.52,98.77,135.66,1.25,113.05
Delhi,2020-04-21,87,47.85,93.96,72.21,99.18,0.91,82.65
Delhi,2020-04-22,131,72.05,141.48,108.73,149.34,1.38,124.45
Delhi,2020-04-23,122,67.1,131.76,101.26,139.08,1.28,115.9
Delhi,2020-04-24,139,76.45,150.12,115.37,158.46,1.46,132.05
Delhi,2020-04-25,98,53.9,105.84,81.34,111.72,1.03,93.1
Delhi,2020-04-26,117,64.35,126.36,97.11,133.38,1.23,111.15
Delhi,2020-04-27,89,48.95,96.12,73.87,101.46,0.93,84.55
Delhi,2020-04-28,100,55.0,108.0,83.0,114.0,1.05,95.0
Delhi,2020-04-29,125,68.75,135.0,103.75,142.5,1.31,118.75
Delhi,2020-04-30,138,75.9,149.04,114.54,157.32,1.45,131.1
Delhi,2020-05-01,146,80.3,157.68,121.18,166.44,1.53,138.7
Delhi,2020-05-02,112,61.6,120.96,92.96,127.68,1.18,106.4
Delhi,2020-05-03,93,51.15,100.44,77.19,106.02,0.98,88.35
Delhi,2020-05-04,94,51.7,101.52,78.02,107.16,0.99,89.3
Delhi,2020-05-05,119,65.45,128.52,98.77,135.66,1.25,113.05
Delhi,2020-05-06,139,76.45,150.12,115.37,158.46,1.46,132.05
Delhi,2020-05-07,127,69.85,137.16,105.41,144.78,1.33,120.65
Delhi,2020-05-08,134,73.7,144.72,111.22,152.76,1.41,127.3
Delhi,2020-05-09,144,79.2,155.52,119.52,164.16,1.51,136.8
Delhi,2020-05-10,121,66.55,130.68,100.43,137.94,1.27,114.95
Delhi,2020-05-11,116,63.8,125.28,96.28,132.24,1.22,110.2
Delhi,2020-05-12,125,68.75,135.0,103.75,142.5,1.31,118.75
Delhi,2020-05-13,150,82.5,162.0,124.5,171.0,1.58,142.5
Delhi,2020-05-14,149,81.95,160.92,123.67,169.86,1.56,141.55
Delhi,2020-05-15,123,67.65,132.84,102.09,140.22,1.29,116.85
Delhi,2020-05-16,179,98.45,193.32,148.57,204.06,1.88,170.05
Delhi,2020-05-17,200,110.0,216.0,166.0,228.0,2.1,190.0
Delhi,2020-05-18,206,113.3,222.48,170.98,234.84,2.16,195.7
Delhi,2020-05-19,212,116.6,228.96,175.96,241.68,2.23,201.4
Delhi,2020-05-20,166,91.3,179.28,137.78,189.24,1.74,157.7
Delhi,2020-05-21,147,80.85,158.76,122.01,167.58,1.54,139.65
Delhi,2020-05-22,199,109.45,214.92,165.17,226.86,2.09,189.05
Delhi,2020-05-23,181,99.55,195.48,150.23,206.34,1.9,171.95
Delhi,2020-05-24,172,94.6,185.76,142.76,196.08,1.81,163.4
Delhi,2020-05-25,153,84.15,165.24,126.99,174.42,1.61,145.35
Delhi,2020-05-26,154,84.7,166.32,127.82,175.56,1.62,146.3
Delhi,2020-05-27,156,85.8,168.48,129.48,177.84,1.64,148.2
Delhi,2020-05-28,188,103.4,203.04,156.04,214.32,1.97,178.6
Delhi,2020-05-29,101,55.55,109.08,83.83,115.14,1.06,95.95
Delhi,2020-05-30,78,42.9,84.24,64.74,88.92,0.82,74.1
Delhi,2020-05-31,72,39.6,77.76,59.76,82.08,0.76,68.4
Delhi,2020-06-01,104,57.2,112.32,86.32,118.56,1.09,98.8
Delhi,2020-06-02,124,68.2,133.92,102.92,141.36,1.3,117.8
Delhi,2020-06-03,122,67.1,131.76,101.26,139.08,1.28,115.9
Delhi,2020-06-04,153,84.15,165.24,126.99,174.42,1.61,145.35
Delhi,2020-06-05,111,61.05,119.88,92.13,126.54,1.17,105.45
Delhi,2020-06-06,102,56.1,110.16,84.66,116.28,1.07,96.9
Delhi,2020-06-07,107,58.85,115.56,88.81,121.98,1.12,101.65
Delhi,2020-06-08,108,59.4,116.64,89.64,123.12,1.13,102.6
Delhi,2020-06-09,139,76.45,150.12,115.37,158.46,1.46,132.05
Delhi,2020-06-10,152,83.6,164.16,126.16,173.28,1.6,144.4
Delhi,2020-06-11,141,77.55,152.28,117.03,160.74,1.48,133.95
Delhi,2020-06-12,153,84.15,165.24,126.99,174.42,1.61,145.35
Delhi,2020-06-13,123,67.65,132.84,102.09,140.22,1.29,116.85
Delhi,2020-06-14,154,84.7,166.32,127.82,175.56,1.62,146.3
Delhi,2020-06-15,115,63.25,124.2,95.45,131.1,1.21,109.25
Delhi,2020-06-16,118,64.9,127.44,97.94,134.52,1.24,112.1
Delhi,2020-06-17,109,59.95,117.72,90.47,124.26,1.14,103.55
Delhi,2020-06-18,95,52.25,102.6,78.85,108.3,1.0,90.25
Delhi,2020-06-19,148,81.4,159.84,122.84,168.72,1.55,140.6
Delhi,2020-06-20,149,81.95,160.92,123.67,169.86,1.56,141.55
Delhi,2020-06-21,98,53.9,105.84,81.34,111.72,1.03,93.1
Delhi,2020-06-22,92,50.6,99.36,76.36,104.88,0.97,87.4
Delhi,2020-06-23,76,41.8,82.08,63.08,86.64,0.8,72.2
Delhi,2020-06-24,66,36.3,71.28,54.78,75.24,0.69,62.7
Delhi,2020-06-25,85,46.75,91.8,70.55,96.9,0.89,80.75
Delhi,2020-06-26,105,57.75,113.4,87.15,119.7,1.1,99.75
Delhi,2020-06-27,108,59.4,116.64,89.64,123.12,1.13,102.6
Delhi,2020-06-28,209,114.95,225.72,173.47,238.26,2.19,198.55
Delhi,2020-06-29,230,126.5,248.4,190.9,262.2,2.42,218.5
Delhi,2020-06-30,102,56.1,110.16,84.66,116.28,1.07,96.9
Delhi,2020-07-01,117,64.35,126.36,97.11,133.38,1.23,111.15
Delhi,2020-07-02,127,69.85,137.16,105.41,144.78,1.33,120.65
Delhi,2020-07-03,156,85.8,168.48,129.48,177.84,1.64,148.2
Delhi,2020-07-04,105,57.75,113.4,87.15,119.7,1.1,99.75
Delhi,2020-07-05,90,49.5,97.2,74.7,102.6,0.95,85.5
Delhi,2020-07-06,90,49.5,97.2,74.7,102.6,0.95,85.5
Delhi,2020-07-07,65,35.75,70.2,53.95,74.1,0.68,61.75
Delhi,2020-07-08,51,28.05,55.08,42.33,58.14,0.54,48.45
Delhi,2020-07-09,78,42.9,84.24,64.74,88.92,0.82,74.1
Delhi,2020-07-10,67,36.85,72.36,55.61,76.38,0.7,63.65
Delhi,2020-07-11,68,37.4,73.44,56.44,77.52,0.71,64.6
Delhi,2020-07-12,71,39.05,76.68,58.93,80.94,0.75,67.45
Delhi,2020-07-13,72,39.6,77.76,59.76,82.08,0.76,68.4
Delhi,2020-07-14,127,69.85,137.16,105.41,144.78,1.33,120.65
Delhi,2020-07-15,124,68.2,133.92,102.92,141.36,1.3,117.8
Delhi,2020-07-16,72,39.6,77.76,59.76,82.08,0.76,68.4
Delhi,2020-07-17,79,43.45,85.32,65.57,90.06,0.83,75.05
Delhi,2020-07-18,92,50.6,99.36,76.36,104.88,0.97,87.4
Delhi,2020-07-19,65,35.75,70.2,53.95,74.1,0.68,61.75
Delhi,2020-07-20,60,33.0,64.8,49.8,68.4,0.63,57.0
Delhi,2020-07-21,61,33.55,65.88,50.63,69.54,0.64,57.95
Delhi,2020-07-22,59,32.45,63.72,48.97,67.26,0.62,56.05
Delhi,2020-07-23,65,35.75,70.2,53.95,74.1,0.68,61.75
Delhi,2020-07-24,100,55.0,108.0,83.0,114.0,1.05,95.0
Delhi,2020-07-25,67,36.85,72.36,55.61,76.38,0.7,63.65
Delhi,2020-07-26,78,42.9,84.24,64.74,88.92,0.82,74.1
Delhi,2020-07-27,100,55.0,108.0,83.0,114.0,1.05,95.0
Delhi,2020-07-28,72,39.6,77.76,59.76,82.08,0.76,68.4
Delhi,2020-07-29,90,49.5,97.2,74.7,102.6,0.95,85.5
Delhi,2020-07-30,55,30.25,59.4,45.65,62.7,0.58,52.25
Delhi,2020-07-31,75,41.25,81.0,62.25,85.5,0.79,71.25
Delhi,2020-08-01,81,44.55,87.48,67.23,92.34,0.85,76.95
Delhi,2020-08-02,61,33.55,65.88,50.63,69.54,0.64,57.95
Delhi,2020-08-03,67,36.85,72.36,55.61,76.38,0.7,63.65
Delhi,2020-08-04,62,34.1,66.96,51.46,70.68,0.65,58.9
Delhi,2020-08-05,86,47.3,92.88,71.38,98.04,0.9,81.7
Delhi,2020-08-06,69,37.95,74.52,57.27,78.66,0.72,65.55
Delhi,2020-08-07,54,29.7,58.32,44.82,61.56,0.57,51.3
Delhi,2020-08-08,87,47.85,93.96,72.21,99.18,0.91,82.65
Delhi,2020-08-09,74,40.7,79.92,61.42,84.36,0.78,70.3
Delhi,2020-08-10,72,39.6,77.76,59.76,82.08,0.76,68.4
Delhi,2020-08-11,75,41.25,81.0,62.25,85.5,0.79,71.25
Delhi,2020-08-12,63,34.65,68.04,52.29,71.82,0.66,59.85
Delhi,2020-08-13,50,27.5,54.0,41.5,57.0,0.53,47.5
Delhi,2020-08-14,58,31.9,62.64,48.14,66.12,0.61,55.1
Delhi,2020-08-15,67,36.85,72.36,55.61,76.38,0.7,63.65
Delhi,2020-08-16,52,28.6,56.16,43.16,59.28,0.55,49.4
Delhi,2020-08-17,66,36.3,71.28,54.78,75.24,0.69,62.7
Delhi,2020-08-18,72,39.6,77.76,59.76,82.08,0.76,68.4
Delhi,2020-08-19,57,31.35,61.56,47.31,64.98,0.6,54.15
Delhi,2020-08-20,50,27.5,54.0,41.5,57.0,0.53,47.5
Delhi,2020-08-21,57,31.35,61.56,47.31,64.98,0.6,54.15
Delhi,2020-08-22,53,29.15,57.24,43.99,60.42,0.56,50.35
Delhi,2020-08-23,53,29.15,57.24,43.99,60.42,0.56,50.35
Delhi,2020-08-24,45,24.75,48.6,37.35,51.3,0.47,42.75
Delhi,2020-08-25,61,33.55,65.88,50.63,69.54,0.64,57.95
Delhi,2020-08-26,57,31.35,61.56,47.31,64.98,0.6,54.15
Delhi,2020-08-27,64,35.2,69.12,53.12,72.96,0.67,60.8
Delhi,2020-08-28,79,43.45,85.32,65.57,90.06,0.83,75.05
Delhi,2020-08-29,77,42.35,83.16,63.91,87.78,0.81,73.15
Delhi,2020-08-30,70,38.5,75.6,58.1,79.8,0.74,66.5
Delhi,2020-08-31,41,22.55,44.28,34.03,46.74,0.43,38.95
Delhi,2020-09-01,53,29.15,57.24,43.99,60.42,0.56,50.35
Delhi,2020-09-02,69,37.95,74.52,57.27,78.66,0.72,65.55
Delhi,2020-09-03,84,46.2,90.72,69.72,95.76,0.88,79.8
Delhi,2020-09-04,82,45.1,88.56,68.06,93.48,0.86,77.9
Delhi,2020-09-05,101,55.55,109.08,83.83,115.14,1.06,95.95
Delhi,2020-09-06,70,38.5,75.6,58.1,79.8,0.74,66.5
Delhi,2020-09-07,93,51.15,100.44,77.19,106.02,0.98,88.35
Delhi,2020-09-08,79,43.45,85.32,65.57,90.06,0.83,75.05
Delhi,2020-09-09,105,57.75,113.4,87.15,119.7,1.1,99.75
Delhi,2020-09-10,108,59.4,116.64,89.64,123.12,1.13,102.6
Delhi,2020-09-11,136,74.8,146.88,112.88,155.04,1.43,129.2
Delhi,2020-09-12,144,79.2,155.52,119.52,164.16,1.51,136.8
Delhi,2020-09-13,142,78.1,153.36,117.86,161.88,1.49,134.9
Delhi,2020-09-14,152,83.6,164.16,126.16,173.28,1.6,144.4
Delhi,2020-09-15,144,79.2,155.52,119.52,164.16,1.51,136.8
Delhi,2020-09-16,151,83.05,163.08,125.33,172.14,1.59,143.45
Delhi,2020-09-17,120,66.0,129.6,99.6,136.8,1.26,114.0
Delhi,2020-09-18,108,59.4,116.64,89.64,123.12,1.13,102.6
Delhi,2020-09-19,118,64.9,127.44,97.94,134.52,1.24,112.1
Delhi,2020-09-20,148,81.4,159.84,122.84,168.72,1.55,140.6
Delhi,2020-09-21,142,78.1,153.36,117.86,161.88,1.49,134.9
Delhi,2020-09-22,115,63.25,124.2,95.45,131.1,1.21,109.25
Delhi,2020-09-23,76,41.8,82.08,63.08,86.64,0.8,72.2
Delhi,2020-09-24,104,57.2,112.32,86.32,118.56,1.09,98.8
Delhi,2020-09-25,143,78.65,154.44,118.69,163.02,1.5,135.85
Delhi,2020-09-26,165,90.75,178.2,136.95,188.1,1.73,156.75
Delhi,2020-09-27,117,64.35,126.36,97.11,133.38,1.23,111.15
Delhi,2020-09-28,159,87.45,171.72,131.97,181.26,1.67,151.05
Delhi,2020-09-29,177,97.35,191.16,146.91,201.78,1.86,168.15
Delhi,2020-09-30,156,85.8,168.48,129.48,177.84,1.64,148.2
Delhi,2020-10-01,152,83.6,164.16,126.16,173.28,1.6,144.4
Delhi,2020-10-02,180,99.0,194.4,149.4,205.2,1.89,171.0
Delhi,2020-10-03,189,103.95,204.12,156.87,215.46,1.98,179.55
Delhi,2020-10-04,184,101.2,198.72,152.72,209.76,1.93,174.8
Delhi,2020-10-05,179,98.45,193.32,148.57,204.06,1.88,170.05
Delhi,2020-10-06,178,97.9,192.24,147.74,202.92,1.87,169.1
Delhi,2020-10-07,215,118.25,232.2,178.45,245.1,2.26,204.25
Delhi,2020-10-08,208,114.4,224.64,172.64,237.12,2.18,197.6
Delhi,2020-10-09,202,111.1,218.16,167.66,230.28,2.12,191.9
Delhi,2020-10-10,221,121.55,238.68,183.43,251.94,2.32,209.95
Delhi,2020-10-11,216,118.8,233.28,179.28,246.24,2.27,205.2
Delhi,2020-10-12,261,143.55,281.88,216.63,297.54,2.74,247.95
Delhi,2020-10-13,300,165.0,324.0,249.0,342.0,3.15,285.0
Delhi,2020-10-14,276,151.8,298.08,229.08,314.64,2.9,262.2
Delhi,2020-10-15,312,171.6,336.96,258.96,355.68,3.28,296.4
Delhi,2020-10-16,237,130.35,255.96,196.71,270.18,2.49,225.15
Delhi,2020-10-17,287,157.85,309.96,238.21,327.18,3.01,272.65
Delhi,2020-10-18,254,139.7,274.32,210.82,289.56,2.67,241.3
Delhi,2020-10-19,244,134.2,263.52,202.52,278.16,2.56,231.8
Delhi,2020-10-20,223,122.65,240.84,185.09,254.22,2.34,211.85
Delhi,2020-10-21,256,140.8,276.48,212.48,291.84,2.69,243.2
Delhi,2020-10-22,296,162.8,319.68,245.68,337.44,3.11,281.2
Delhi,2020-10-23,366,201.3,395.28,303.78,417.24,3.84,347.7
Delhi,2020-10-24,345,189.75,372.6,286.35,393.3,3.62,327.75
Delhi,2020-10-25,349,191.95,376.92,289.67,397.86,3.66,331.55
Delhi,2020-10-26,353,194.15,381.24,292.99,402.42,3.71,335.35
Delhi,2020-10-27,312,171.6,336.96,258.96,355.68,3.28,296.4
Delhi,2020-10-28,297,163.35,320.76,246.51,338.58,3.12,282.15
Delhi,2020-10-29,395,217.25,426.6,327.85,450.3,4.15,375.25
Delhi,2020-10-30,374,205.7,403.92,310.42,426.36,3.93,355.3
Delhi,2020-10-31,367,201.85,396.36,304.61,418.38,3.85,348.65
Delhi,2020-11-01,364,200.2,393.12,302.12,414.96,3.82,345.8
Delhi,2020-11-02,293,161.15,316.44,243.19,334.02,3.08,278.35
Delhi,2020-11-03,302,166.1,326.16,250.66,344.28,3.17,286.9
Delhi,2020-11-04,343,188.65,370.44,284.69,391.02,3.6,325.85
Delhi,2020-11-05,450,247.5,486.0,373.5,513.0,4.73,427.5
Delhi,2020-11-06,406,223.3,438.48,336.98,462.84,4.26,385.7
Delhi,2020-11-07,427,234.85,461.16,354.41,486.78,4.48,405.65
Delhi,2020-11-08,416,228.8,449.28,345.28,474.24,4.37,395.2
Delhi,2020-11-09,477,262.35,515.16,395.91,543.78,5.01,453.15
Delhi,2020-11-10,476,261.8,514.08,395.08,542.64,5.0,452.2
Delhi,2020-11-11,344,189.2,371.52,285.52,392.16,3.61,326.8
Delhi,2020-11-12,314,172.7,339.12,260.62,357.96,3.3,298.3
Delhi,2020-11-13,339,186.45,366.12,281.37,386.46,3.56,322.05
Delhi,2020-11-14,414,227.7,447.12,343.62,471.96,4.35,393.3
Delhi,2020-11-15,435,239.25,469.8,361.05,495.9,4.57,413.25
Delhi,2020-11-16,221,121.55,238.68,183.43,251.94,2.32,209.95
Delhi,2020-11-17,171,94.05,184.68,141.93,194.94,1.8,162.45
Delhi,2020-11-18,211,116.05,227.88,175.13,240.54,2.22,200.45
Delhi,2020-11-19,283,155.65,305.64,234.89,322.62,2.97,268.85
Delhi,2020-11-20,296,162.8,319.68,245.68,337.44,3.11,281.2
Delhi,2020-11-21,251,138.05,271.08,208.33,286.14,2.64,238.45
Delhi,2020-11-22,274,150.7,295.92,227.42,312.36,2.88,260.3
Delhi,2020-11-23,295,162.25,318.6,244.85,336.3,3.1,280.25
Delhi,2020-11-24,379,208.45,409.32,314.57,432.06,3.98,360.05
Delhi,2020-11-25,413,227.15,446.04,342.79,470.82,4.34,392.35
Delhi,2020-11-26,302,166.1,326.16,250.66,344.28,3.17,286.9
Delhi,2020-11-27,137,75.35,147.96,113.71,156.18,1.44,130.15
Delhi,2020-11-28,231,127.05,249.48,191.73,263.34,2.43,219.45
Delhi,2020-11-29,256,140.8,276.48,212.48,291.84,2.69,243.2
Delhi,2020-11-30,318,174.9,343.44,263.94,362.52,3.34,302.1
Delhi,2020-12-01,367,201.85,396.36,304.61,418.38,3.85,348.65
Delhi,2020-12-02,373,205.15,402.84,309.59,425.22,3.92,354.35
Delhi,2020-12-03,341,187.55,368.28,283.03,388.74,3.58,323.95
Delhi,2020-12-04,382,210.1,412.56,317.06,435.48,4.01,362.9
Delhi,2020-12-05,404,222.2,436.32,335.32,460.56,4.24,383.8
Delhi,2020-12-06,389,213.95,420.12,322.87,443.46,4.08,369.55
Delhi,2020-12-07,400,220.0,432.0,332.0,456.0,4.2,380.0
Delhi,2020-12-08,383,210.65,413.64,317.89,436.62,4.02,363.85
Delhi,2020-12-09,358,196.9,386.64,297.14,408.12,3.76,340.1
Delhi,2020-12-10,284,156.2,306.72,235.72,323.76,2.98,269.8
Delhi,2020-12-11,295,162.25,318.6,244.85,336.3,3.1,280.25
Delhi,2020-12-12,356,195.8,384.48,295.48,405.84,3.74,338.2
Delhi,2020-12-13,305,167.75,329.4,253.15,347.7,3.2,289.75
Delhi,2020-12-14,160,88.0,172.8,132.8,182.4,1.68,152.0
Delhi,2020-12-15,230,126.5,248.4,190.9,262.2,2.42,218.5
Delhi,2020-12-16,262,144.1,282.96,217.46,298.68,2.75,248.9
Delhi,2020-12-17,256,140.8,276.48,212.48,291.84,2.69,243.2
Delhi,2020-12-18,281,154.55,303.48,233.23,320.34,2.95,266.95
Delhi,2020-12-19,290,159.5,313.2,240.7,330.6,3.05,275.5
Delhi,2020-12-20,321,176.55,346.68,266.43,365.94,3.37,304.95
Delhi,2020-12-21,332,182.6,358.56,275.56,378.48,3.49,315.4
Delhi,2020-12-22,418,229.9,451.44,346.94,476.52,4.39,397.1
Delhi,2020-12-23,433,238.15,467.64,359.39,493.62,4.55,411.35
Delhi,2020-12-24,423,232.65,456.84,351.09,482.22,4.44,401.85
Delhi,2020-12-25,357,196.35,385.56,296.31,406.98,3.75,339.15
Delhi,2020-12-26,337,185.35,363.96,279.71,384.18,3.54,320.15
Delhi,2020-12-27,396,217.8,427.68,328.68,451.44,4.16,376.2
Delhi,2020-12-28,253,139.15,273.24,209.99,288.42,2.66,240.35
Delhi,2020-12-29,265,145.75,286.2,219.95,302.1,2.78,251.75
Delhi,2020-12-30,290,159.5,313.2,240.7,330.6,3.05,275.5
Delhi,2020-12-31,347,190.85,374.76,288.01,395.58,3.64,329.65
Delhi,2021-01-01,441,242.55,476.28,366.03,502.74,4.63,418.95
Delhi,2021-01-02,443,243.65,478.44,367.69,505.02,4.65,420.85
Delhi,2021-01-03,354,194.7,382.32,293.82,403.56,3.72,336.3
Delhi,2021-01-04,151,83.05,163.08,125.33,172.14,1.59,143.45
Delhi,2021-01-05,140,77.0,151.2,116.2,159.6,1.47,133.0
Delhi,2021-01-06,226,124.3,244.08,187.58,257.64,2.37,214.7
Delhi,2021-01-07,255,140.25,275.4,211.65,290.7,2.68,242.25
Delhi,2021-01-08,234,128.7,252.72,194.22,266.76,2.46,222.3
Delhi,2021-01-09,301,165.55,325.08,249.83,343.14,3.16,285.95
Delhi,2021-01-10,245,134.75,264.6,203.35,279.3,2.57,232.75
Delhi,2021-01-11,243,133.65,262.44,201.69,277.02,2.55,230.85
Delhi,2021-01-12,293,161.15,316.44,243.19,334.02,3.08,278.35
Delhi,2021-01-13,354,194.7,382.32,293.82,403.56,3.72,336.3
Delhi,2021-01-14,429,235.95,463.32,356.07,489.06,4.5,407.55
Delhi,2021-01-15,460,253.0,496.8,381.8,524.4,4.83,437.0
Delhi,2021-01-16,407,223.85,439.56,337.81,463.98,4.27,386.65
Delhi,2021-01-17,347,190.85,374.76,288.01,395.58,3.64,329.65
Delhi,2021-01-18,372,204.6,401.76,308.76,424.08,3.91,353.4
Delhi,2021-01-19,404,222.2,436.32,335.32,460.56,4.24,383.8
Delhi,2021-01-20,283,155.65,305.64,234.89,322.62,2.97,268.85
Delhi,2021-01-21,296,162.8,319.68,245.68,337.44,3.11,281.2
Delhi,2021-01-22,364,200.2,393.12,302.12,414.96,3.82,345.8
Delhi,2021-01-23,326,179.3,352.08,270.58,371.64,3.42,309.7
Delhi,2021-01-24,363,199.65,392.04,301.29,413.82,3.81,344.85
Delhi,2021-01-25,323,177.65,348.84,268.09,368.22,3.39,306.85
Delhi,2021-01-26,330,181.5,356.4,273.9,376.2,3.47,313.5
Delhi,2021-01-27,318,174.9,343.44,263.94,362.52,3.34,302.1
Delhi,2021-01-28,357,196.35,385.56,296.31,406.98,3.75,339.15
Delhi,2021-01-29,387,212.85,417.96,321.21,441.18,4.06,367.65
Delhi,2021-01-30,309,169.95,333.72,256.47,352.26,3.24,293.55
Delhi,2021-01-31,289,158.95,312.12,239.87,329.46,3.03,274.55
Delhi,2021-02-01,352,193.6,380.16,292.16,401.28,3.7,334.4
Delhi,2021-02-02,364,200.2,393.12,302.12,414.96,3.82,345.8
Delhi,2021-02-03,330,181.5,356.4,273.9,376.2,3.47,313.5
Delhi,2021-02-04,316,173.8,341.28,262.28,360.24,3.32,300.2
Delhi,2021-02-05,133,73.15,143.64,110.39,151.62,1.4,126.35
Delhi,2021-02-06,199,109.45,214.92,165.17,226.86,2.09,189.05
Delhi,2021-02-07,232,127.6,250.56,192.56,264.48,2.44,220.4
Delhi,2021-02-08,303,166.65,327.24,251.49,345.42,3.18,287.85
Delhi,2021-02-09,305,167.75,329.4,253.15,347.7,3.2,289.75
Delhi,2021-02-10,291,160.05,314.28,241.53,331.74,3.06,276.45
Delhi,2021-02-11,330,181.5,356.4,273.9,376.2,3.47,313.5
Delhi,2021-02-12,341,187.55,368.28,283.03,388.74,3.58,323.95
Delhi,2021-02-13,334,183.7,360.72,277.22,380.76,3.51,317.3
Delhi,2021-02-14,351,193.05,379.08,291.33,400.14,3.69,333.45
Delhi,2021-02-15,313,172.15,338.04,259.79,356.82,3.29,297.35
Delhi,2021-02-16,327,179.85,353.16,271.41,372.78,3.43,310.65
Delhi,2021-02-17,324,178.2,349.92,268.92,369.36,3.4,307.8
Delhi,2021-02-18,302,166.1,326.16,250.66,344.28,3.17,286.9
Delhi,2021-02-19,311,171.05,335.88,258.13,354.54,3.27,295.45
Delhi,2021-02-20,249,136.95,268.92,206.67,283.86,2.61,236.55
Delhi,2021-02-21,297,163.35,320.76,246.51,338.58,3.12,282.15
Delhi,2021-02-22,288,158.4,311.04,239.04,328.32,3.02,273.6
Delhi,2021-02-23,250,137.5,270.0,207.5,285.0,2.63,237.5
Delhi,2021-02-24,278,152.9,300.24,230.74,316.92,2.92,264.1
Delhi,2021-02-25,298,163.9,321.84,247.34,339.72,3.13,283.1
Delhi,2021-02-26,229,125.95,247.32,190.07,261.06,2.4,217.55
Delhi,2021-02-27,203,111.65,219.24,168.49,231.42,2.13,192.85
Delhi,2021-02-28,208,114.4,224.64,172.64,237.12,2.18,197.6
Delhi,2021-03-01,177,97.35,191.16,146.91,201.78,1.86,168.15
Delhi,2021-03-02,175,96.25,189.0,145.25,199.5,1.84,166.25
Delhi,2021-03-03,188,103.4,203.04,156.04,214.32,1.97,178.6
Delhi,2021-03-04,278,152.9,300.24,230.74,316.92,2.92,264.1
Delhi,2021-03-05,255,140.25,275.4,211.65,290.7,2.68,242.25
Delhi,2021-03-06,204,112.2,220.32,169.32,232.56,2.14,193.8
Delhi,2021-03-07,256,140.8,276.48,212.48,291.84,2.69,243.2
Delhi,2021-03-08,207,113.85,223.56,171.81,235.98,2.17,196.65
Delhi,2021-03-09,283,155.65,305.64,234.89,322.62,2.97,268.85
Delhi,2021-03-10,175,96.25,189.0,145.25,199.5,1.84,166.25
Delhi,2021-03-11,242,133.1,261.36,200.86,275.88,2.54,229.9
Delhi,2021-03-12,218,119.9,235.44,180.94,248.52,2.29,207.1
Delhi,2021-03-13,209,114.95,225.72,173.47,238.26,2.19,198.55
Delhi,2021-03-14,209,114.95,225.72,173.47,238.26,2.19,198.55
Delhi,2021-03-15,206,113.3,222.48,170.98,234.84,2.16,195.7
Delhi,2021-03-16,258,141.9,278.64,214.14,294.12,2.71,245.1
Delhi,2021-03-17,311,171.05,335.88,258.13,354.54,3.27,295.45
Delhi,2021-03-18,315,173.25,340.2,261.45,359.1,3.31,299.25
Delhi,2021-03-19,279,153.45,301.32,231.57,318.06,2.93,265.05
Delhi,2021-03-20,234,128.7,252.72,194.22,266.76,2.46,222.3
Delhi,2021-03-21,244,134.2,263.52,202.52,278.16,2.56,231.8
Delhi,2021-03-22,196,107.8,211.68,162.68,223.44,2.06,186.2
Delhi,2021-03-23,244,134.2,263.52,202.52,278.16,2.56,231.8
Delhi,2021-03-24,175,96.25,189.0,145.25,199.5,1.84,166.25
Delhi,2021-03-25,148,81.4,159.84,122.84,168.72,1.55,140.6
Delhi,2021-03-26,150,82.5,162.0,124.5,171.0,1.58,142.5
Delhi,2021-03-27,199,109.45,214.92,165.17,226.86,2.09,189.05
Delhi,2021-03-28,233,128.15,251.64,193.39,265.62,2.45,221.35
Delhi,2021-03-29,225,123.75,243.0,186.75,256.5,2.36,213.75
Delhi,2021-03-30,232,127.6,250.56,192.56,264.48,2.44,220.4
Delhi,2021-03-31,203,111.65,219.24,168.49,231.42,2.13,192.85
Delhi,2021-04-01,182,100.1,196.56,151.06,207.48,1.91,172.9
Delhi,2021-04-02,176,96.8,190.08,146.08,200.64,1.85,167.2
Delhi,2021-04-03,159,87.45,171.72,131.97,181.26,1.67,151.05
Delhi,2021-04-04,171,94.05,184.68,141.93,194.94,1.8,162.45
Delhi,2021-04-05,205,112.75,221.4,170.15,233.7,2.15,194.75
Delhi,2021-04-06,279,153.45,301.32,231.57,318.06,2.93,265.05
Delhi,2021-04-07,250,137.5,270.0,207.5,285.0,2.63,237.5
Delhi,2021-04-08,153,84.15,165.24,126.99,174.42,1.61,145.35
Delhi,2021-04-09,170,93.5,183.6,141.1,193.8,1.79,161.5
Delhi,2021-04-10,181,99.55,195.48,150.23,206.34,1.9,171.95
Delhi,2021-04-11,186,102.3,200.88,154.38,212.04,1.95,176.7
Delhi,2021-04-12,241,132.55,260.28,200.03,274.74,2.53,228.95
Delhi,2021-04-13,231,127.05,249.48,191.73,263.34,2.43,219.45
Delhi,2021-04-14,199,109.45,214.92,165.17,226.86,2.09,189.05
Delhi,2021-04-15,220,121.0,237.6,182.6,250.8,2.31,209.0
Delhi,2021-04-16,238,130.9,257.04,197.54,271.32,2.5,226.1
Delhi,2021-04-17,128,70.4,138.24,106.24,145.92,1.34,121.6
Delhi,2021-04-18,154,84.7,166.32,127.82,175.56,1.62,146.3
Delhi,2021-04-19,187,102.85,201.96,155.21,213.18,1.96,177.65
Delhi,2021-04-20,191,105.05,206.28,158.53,217.74,2.01,181.45
Delhi,2021-04-21,134,73.7,144.72,111.22,152.76,1.41,127.3
Delhi,2021-04-22,140,77.0,151.2,116.2,159.6,1.47,133.0
Delhi,2021-04-23,126,69.3,136.08,104.58,143.64,1.32,119.7
Delhi,2021-04-24,125,68.75,135.0,103.75,142.5,1.31,118.75
Delhi,2021-04-25,192,105.6,207.36,159.36,218.88,2.02,182.4
Delhi,2021-04-26,256,140.8,276.48,212.48,291.84,2.69,243.2
Delhi,2021-04-27,284,156.2,306.72,235.72,323.76,2.98,269.8
Delhi,2021-04-28,312,171.6,336.96,258.96,355.68,3.28,296.4
Delhi,2021-04-29,296,162.8,319.68,245.68,337.44,3.11,281.2
Delhi,2021-04-30,287,157.85,309.96,238.21,327.18,3.01,272.65
Delhi,2021-05-01,238,130.9,257.04,197.54,271.32,2.5,226.1
Delhi,2021-05-02,174,95.7,187.92,144.42,198.36,1.83,165.3
Delhi,2021-05-03,245,134.75,264.6,203.35,279.3,2.57,232.75
Delhi,2021-05-04,173,95.15,186.84,143.59,197.22,1.82,164.35
Delhi,2021-05-05,175,96.25,189.0,145.25,199.5,1.84,166.25
Delhi,2021-05-06,156,85.8,168.48,129.48,177.84,1.64,148.2
Delhi,2021-05-07,142,78.1,153.36,117.86,161.88,1.49,134.9
Delhi,2021-05-08,173,95.15,186.84,143.59,197.22,1.82,164.35
Delhi,2021-05-09,166,91.3,179.28,137.78,189.24,1.74,157.7
Delhi,2021-05-10,136,74.8,146.88,112.88,155.04,1.43,129.2
Delhi,2021-05-11,151,83.05,163.08,125.33,172.14,1.59,143.45
Delhi,2021-05-12,115,63.25,124.2,95.45,131.1,1.21,109.25
Delhi,2021-05-13,121,66.55,130.68,100.43,137.94,1.27,114.95
Delhi,2021-05-14,132,72.6,142.56,109.56,150.48,1.39,125.4
Delhi,2021-05-15,140,77.0,151.2,116.2,159.6,1.47,133.0
Delhi,2021-05-16,166,91.3,179.28,137.78,189.24,1.74,157.7
Delhi,2021-05-17,191,105.05,206.28,158.53,217.74,2.01,181.45
Delhi,2021-05-18,93,51.15,100.44,77.19,106.02,0.98,88.35
Delhi,2021-05-19,78,42.9,84.24,64.74,88.92,0.82,74.1
Delhi,2021-05-20,58,31.9,62.64,48.14,66.12,0.61,55.1
Delhi,2021-05-21,85,46.75,91.8,70.55,96.9,0.89,80.75
Delhi,2021-05-22,94,51.7,101.52,78.02,107.16,0.99,89.3
Delhi,2021-05-23,237,130.35,255.96,196.71,270.18,2.49,225.15
Delhi,2021-05-24,169,92.95,182.52,140.27,192.66,1.77,160.55
Delhi,2021-05-25,140,77.0,151.2,116.2,159.6,1.47,133.0
Delhi,2021-05-26,149,81.95,160.92,123.67,169.86,1.56,141.55
Delhi,2021-05-27,150,82.5,162.0,124.5,171.0,1.58,142.5
Delhi,2021-05-28,106,58.3,114.48,87.98,120.84,1.11,100.7
Delhi,2021-05-29,87,47.85,93.96,72.21,99.18,0.91,82.65
Delhi,2021-05-30,101,55.55,109.08,83.83,115.14,1.06,95.95
Delhi,2021-05-31,135,74.25,145.8,112.05,153.9,1.42,128.25
Delhi,2021-06-01,115,63.25,124.2,95.45,131.1,1.21,109.25
Delhi,2021-06-02,143,78.65,154.44,118.69,163.02,1.5,135.85
Delhi,2021-06-03,159,87.45,171.72,131.97,181.26,1.67,151.05
Delhi,2021-06-04,196,107.8,211.68,162.68,223.44,2.06,186.2
Delhi,2021-06-05,124,68.2,133.92,102.92,141.36,1.3,117.8
Delhi,2021-06-06,134,73.7,144.72,111.22,152.76,1.41,127.3
Delhi,2021-06-07,180,99.0,194.4,149.4,205.2,1.89,171.0
Delhi,2021-06-08,205,112.75,221.4,170.15,233.7,2.15,194.75
Delhi,2021-06-09,305,167.75,329.4,253.15,347.7,3.2,289.75
Delhi,2021-06-10,221,121.55,238.68,183.43,251.94,2.32,209.95
Delhi,2021-06-11,145,79.75,156.6,120.35,165.3,1.52,137.75
Delhi,2021-06-12,133,73.15,143.64,110.39,151.62,1.4,126.35
Delhi,2021-06-13,83,45.65,89.64,68.89,94.62,0.87,78.85
Delhi,2021-06-14,124,68.2,133.92,102.92,141.36,1.3,117.8
Delhi,2021-06-15,113,62.15,122.04,93.79,128.82,1.19,107.35
Delhi,2021-06-16,115,63.25,124.2,95.45,131.1,1.21,109.25
Delhi,2021-06-17,108,59.4,116.64,89.64,123.12,1.13,102.6
Delhi,2021-06-18,81,44.55,87.48,67.23,92.34,0.85,76.95
Delhi,2021-06-19,70,38.5,75.6,58.1,79.8,0.74,66.5
Delhi,2021-06-20,62,34.1,66.96,51.46,70.68,0.65,58.9
Delhi,2021-06-21,84,46.2,90.72,69.72,95.76,0.88,79.8
Delhi,2021-06-22,127,69.85,137.16,105.41,144.78,1.33,120.65
Delhi,2021-06-23,218,119.9,235.44,180.94,248.52,2.29,207.1
Delhi,2021-06-24,146,80.3,157.68,121.18,166.44,1.53,138.7
Delhi,2021-06-25,163,89.65,176.04,135.29,185.82,1.71,154.85
Delhi,2021-06-26,135,74.25,145.8,112.05,153.9,1.42,128.25
Delhi,2021-06-27,168,92.4,181.44,139.44,191.52,1.76,159.6
Delhi,2021-06-28,161,88.55,173.88,133.63,183.54,1.69,152.95
Delhi,2021-06-29,195,107.25,210.6,161.85,222.3,2.05,185.25
Delhi,2021-06-30,206,113.3,222.48,170.98,234.84,2.16,195.7
Delhi,2021-07-01,266,146.3,287.28,220.78,303.24,2.79,252.7
Delhi,2021-07-02,245,134.75,264.6,203.35,279.3,2.57,232.75
Delhi,2021-07-03,139,76.45,150.12,115.37,158.46,1.46,132.05
Delhi,2021-07-04,140,77.0,151.2,116.2,159.6,1.47,133.0
Delhi,2021-07-05,149,81.95,160.92,123.67,169.86,1.56,141.55
Delhi,2021-07-06,144,79.2,155.52,119.52,164.16,1.51,136.8
Delhi,2021-07-07,178,97.9,192.24,147.74,202.92,1.87,169.1
Delhi,2021-07-08,164,90.2,177.12,136.12,186.96,1.72,155.8
Delhi,2021-07-09,144,79.2,155.52,119.52,164.16,1.51,136.8
Delhi,2021-07-10,97,53.35,104.76,80.51,110.58,1.02,92.15
Delhi,2021-07-11,94,51.7,101.52,78.02,107.16,0.99,89.3
Delhi,2021-07-12,90,49.5,97.2,74.7,102.6,0.95,85.5
Delhi,2021-07-13,80,44.0,86.4,66.4,91.2,0.84,76.0
Delhi,2021-07-14,83,45.65,89.64,68.89,94.62,0.87,78.85
Delhi,2021-07-15,83,45.65,89.64,68.89,94.62,0.87,78.85
Delhi,2021-07-16,90,49.5,97.2,74.7,102.6,0.95,85.5
Delhi,2021-07-17,117,64.35,126.36,97.11,133.38,1.23,111.15
Delhi,2021-07-18,94,51.7,101.52,78.02,107.16,0.99,89.3
Delhi,2021-07-19,62,34.1,66.96,51.46,70.68,0.65,58.9
Delhi,2021-07-20,81,44.55,87.48,67.23,92.34,0.85,76.95
Delhi,2021-07-21,74,40.7,79.92,61.42,84.36,0.78,70.3
Delhi,2021-07-22,83,45.65,89.64,68.89,94.62,0.87,78.85
Delhi,2021-07-23,68,37.4,73.44,56.44,77.52,0.71,64.6
Delhi,2021-07-24,99,54.45,106.92,82.17,112.86,1.04,94.05
Delhi,2021-07-25,107,58.85,115.56,88.81,121.98,1.12,101.65
Delhi,2021-07-26,86,47.3,92.88,71.38,98.04,0.9,81.7
Delhi,2021-07-27,98,53.9,105.84,81.34,111.72,1.03,93.1
Delhi,2021-07-28,61,33.55,65.88,50.63,69.54,0.64,57.95
Delhi,2021-07-29,63,34.65,68.04,52.29,71.82,0.66,59.85
Delhi,2021-07-30,76,41.8,82.08,63.08,86.64,0.8,72.2
Delhi,2021-07-31,57,31.35,61.56,47.31,64.98,0.6,54.15
Delhi,2021-08-01,81,44.55,87.48,67.23,92.34,0.85,76.95
Delhi,2021-08-02,95,52.25,102.6,78.85,108.3,1.0,90.25
Delhi,2021-08-03,71,39.05,76.68,58.93,80.94,0.75,67.45
Delhi,2021-08-04,69,37.95,74.52,57.27,78.66,0.72,65.55
Delhi,2021-08-05,99,54.45,106.92,82.17,112.86,1.04,94.05
Delhi,2021-08-06,104,57.2,112.32,86.32,118.56,1.09,98.8
Delhi,2021-08-07,101,55.55,109.08,83.83,115.14,1.06,95.95
Delhi,2021-08-08,109,59.95,117.72,90.47,124.26,1.14,103.55
Delhi,2021-08-09,101,55.55,109.08,83.83,115.14,1.06,95.95
Delhi,2021-08-10,101,55.55,109.08,83.83,115.14,1.06,95.95
Delhi,2021-08-11,122,67.1,131.76,101.26,139.08,1.28,115.9
Delhi,2021-08-12,114,62.7,123.12,94.62,129.96,1.2,108.3
Delhi,2021-08-13,118,64.9,127.44,97.94,134.52,1.24,112.1
Delhi,2021-08-14,116,63.8,125.28,96.28,132.24,1.22,110.2
Delhi,2021-08-15,114,62.7,123.12,94.62,129.96,1.2,108.3
Delhi,2021-08-16,121,66.55,130.68,100.43,137.94,1.27,114.95
Delhi,2021-08-17,150,82.5,162.0,124.5,171.0,1.58,142.5
Delhi,2021-08-18,152,83.6,164.16,126.16,173.28,1.6,144.4
Delhi,2021-08-19,167,91.85,180.36,138.61,190.38,1.75,158.65
Delhi,2021-08-20,111,61.05,119.88,92.13,126.54,1.17,105.45
Delhi,2021-08-21,69,37.95,74.52,57.27,78.66,0.72,65.55
Delhi,2021-08-22,59,32.45,63.72,48.97,67.26,0.62,56.05
Delhi,2021-08-23,82,45.1,88.56,68.06,93.48,0.86,77.9
Delhi,2021-08-24,100,55.0,108.0,83.0,114.0,1.05,95.0
Delhi,2021-08-25,115,63.25,124.2,95.45,131.1,1.21,109.25
Delhi,2021-08-26,114,62.7,123.12,94.62,129.96,1.2,108.3
Delhi,2021-08-27,134,73.7,144.72,111.22,152.76,1.41,127.3
Delhi,2021-08-28,147,80.85,158.76,122.01,167.58,1.54,139.65
Delhi,2021-08-29,119,65.45,128.52,98.77,135.66,1.25,113.05
Delhi,2021-08-30,81,44.55,87.48,67.23,92.34,0.85,76.95
Delhi,2021-08-31,73,40.15,78.84,60.59,83.22,0.77,69.35
Delhi,2021-09-01,64,35.2,69.12,53.12,72.96,0.67,60.8
Delhi,2021-09-02,64,35.2,69.12,53.12,72.96,0.67,60.8
Delhi,2021-09-03,70,38.5,75.6,58.1,79.8,0.74,66.5
Delhi,2021-09-04,68,37.4,73.44,56.44,77.52,0.71,64.6
Delhi,2021-09-05,88,48.4,95.04,73.04,100.32,0.92,83.6
Delhi,2021-09-06,122,67.1,131.76,101.26,139.08,1.28,115.9
Delhi,2021-09-07,98,53.9,105.84,81.34,111.72,1.03,93.1
Delhi,2021-09-08,70,38.5,75.6,58.1,79.8,0.74,66.5
Delhi,2021-09-09,75,41.25,81.0,62.25,85.5,0.79,71.25
Delhi,2021-09-10,79,43.45,85.32,65.57,90.06,0.83,75.05
Delhi,2021-09-11,61,33.55,65.88,50.63,69.54,0.64,57.95
Delhi,2021-09-12,60,33.0,64.8,49.8,68.4,0.63,57.0
Delhi,2021-09-13,89,48.95,96.12,73.87,101.46,0.93,84.55
Delhi,2021-09-14,69,37.95,74.52,57.27,78.66,0.72,65.55
Delhi,2021-09-15,70,38.5,75.6,58.1,79.8,0.74,66.5
Delhi,2021-09-16,79,43.45,85.32,65.57,90.06,0.83,75.05
Delhi,2021-09-17,62,34.1,66.96,51.46,70.68,0.65,58.9
Delhi,2021-09-18,69,37.95,74.52,57.27,78.66,0.72,65.55
Delhi,2021-09-19,82,45.1,88.56,68.06,93.48,0.86,77.9
Delhi,2021-09-20,82,45.1,88.56,68.06,93.48,0.86,77.9
Delhi,2021-09-21,83,45.65,89.64,68.89,94.62,0.87,78.85
Delhi,2021-09-22,69,37.95,74.52,57.27,78.66,0.72,65.55
Delhi,2021-09-23,68,37.4,73.44,56.44,77.52,0.71,64.6
Delhi,2021-09-24,64,35.2,69.12,53.12,72.96,0.67,60.8
Delhi,2021-09-25,80,44.0,86.4,66.4,91.2,0.84,76.0
Delhi,2021-09-26,75,41.25,81.0,62.25,85.5,0.79,71.25
Delhi,2021-09-27,108,59.4,116.64,89.64,123.12,1.13,102.6
Delhi,2021-09-28,120,66.0,129.6,99.6,136.8,1.26,114.0
Delhi,2021-09-29,81,44.55,87.48,67.23,92.34,0.85,76.95
Delhi,2021-09-30,84,46.2,90.72,69.72,95.76,0.88,79.8
Delhi,2021-10-01,108,59.4,116.64,89.64,123.12,1.13,102.6
Delhi,2021-10-02,125,68.75,135.0,103.75,142.5,1.31,118.75
Delhi,2021-10-03,105,57.75,113.4,87.15,119.7,1.1,99.75
Delhi,2021-10-04,91,50.05,98.28,75.53,103.74,0.96,86.45
Delhi,2021-10-05,115,63.25,124.2,95.45,131.1,1.21,109.25
Delhi,2021-10-06,114,62.7,123.12,94.62,129.96,1.2,108.3
Delhi,2021-10-07,127,69.85,137.16,105.41,144.78,1.33,120.65
Delhi,2021-10-08,167,91.85,180.36,138.61,190.38,1.75,158.65
Delhi,2021-10-09,171,94.05,184.68,141.93,194.94,1.8,162.45
Delhi,2021-10-10,168,92.4,181.44,139.44,191.52,1.76,159.6
Delhi,2021-10-11,166,91.3,179.28,137.78,189.24,1.74,157.7
Delhi,2021-10-12,179,98.45,193.32,148.57,204.06,1.88,170.05
Delhi,2021-10-13,171,94.05,184.68,141.93,194.94,1.8,162.45
Delhi,2021-10-14,182,100.1,196.56,151.06,207.48,1.91,172.9
Delhi,2021-10-15,198,108.9,213.84,164.34,225.72,2.08,188.1
Delhi,2021-10-16,284,156.2,306.72,235.72,323.76,2.98,269.8
Delhi,2021-10-17,298,163.9,321.84,247.34,339.72,3.13,283.1
Delhi,2021-10-18,46,25.3,49.68,38.18,52.44,0.48,43.7
Delhi,2021-10-19,69,37.95,74.52,57.27,78.66,0.72,65.55
Delhi,2021-10-20,221,121.55,238.68,183.43,251.94,2.32,209.95
Delhi,2021-10-21,199,109.45,214.92,165.17,226.86,2.09,189.05
Delhi,2021-10-22,170,93.5,183.6,141.1,193.8,1.79,161.5
Delhi,2021-10-23,173,95.15,186.84,143.59,197.22,1.82,164.35
Delhi,2021-10-24,160,88.0,172.8,132.8,182.4,1.68,152.0
Delhi,2021-10-25,82,45.1,88.56,68.06,93.48,0.86,77.9
Delhi,2021-10-26,139,76.45,150.12,115.37,158.46,1.46,132.05
Delhi,2021-10-27,232,127.6,250.56,192.56,264.48,2.44,220.4
Delhi,2021-10-28,268,147.4,289.44,222.44,305.52,2.81,254.6
Delhi,2021-10-29,283,155.65,305.64,234.89,322.62,2.97,268.85
Delhi,2021-10-30,268,147.4,289.44,222.44,305.52,2.81,254.6
Delhi,2021-10-31,289,158.95,312.12,239.87,329.46,3.03,274.55
Delhi,2021-11-01,281,154.55,303.48,233.23,320.34,2.95,266.95
Delhi,2021-11-02,303,166.65,327.24,251.49,345.42,3.18,287.85
Delhi,2021-11-03,314,172.7,339.12,260.62,357.96,3.3,298.3
Delhi,2021-11-04,382,210.1,412.56,317.06,435.48,4.01,362.9
Delhi,2021-11-05,462,254.1,498.96,383.46,526.68,4.85,438.9
Delhi,2021-11-06,437,240.35,471.96,362.71,498.18,4.59,415.15
Delhi,2021-11-07,428,235.4,462.24,355.24,487.92,4.49,406.6
Delhi,2021-11-08,390,214.5,421.2,323.7,444.6,4.1,370.5
Delhi,2021-11-09,404,222.2,436.32,335.32,460.56,4.24,383.8
Delhi,2021-11-10,372,204.6,401.76,308.76,424.08,3.91,353.4
Delhi,2021-11-11,411,226.05,443.88,341.13,468.54,4.32,390.45
Delhi,2021-11-12,471,259.05,508.68,390.93,536.94,4.95,447.45
Delhi,2021-11-13,437,240.35,471.96,362.71,498.18,4.59,415.15
Delhi,2021-11-14,330,181.5,356.4,273.9,376.2,3.47,313.5
Delhi,2021-11-15,353,194.15,381.24,292.99,402.42,3.71,335.35
Delhi,2021-11-16,403,221.65,435.24,334.49,459.42,4.23,382.85
Delhi,2021-11-17,375,206.25,405.0,311.25,427.5,3.94,356.25
Delhi,2021-11-18,347,190.85,374.76,288.01,395.58,3.64,329.65
Delhi,2021-11-19,380,209.0,410.4,315.4,433.2,3.99,361.0
Delhi,2021-11-20,374,205.7,403.92,310.42,426.36,3.93,355.3
Delhi,2021-11-21,349,191.95,376.92,289.67,397.86,3.66,331.55
Delhi,2021-11-22,311,171.05,335.88,258.13,354.54,3.27,295.45
Delhi,2021-11-23,290,159.5,313.2,240.7,330.6,3.05,275.5
Delhi,2021-11-24,361,198.55,389.88,299.63,411.54,3.79,342.95
Delhi,2021-11-25,400,220.0,432.0,332.0,456.0,4.2,380.0
Delhi,2021-11-26,406,223.3,438.48,336.98,462.84,4.26,385.7
Delhi,2021-11-27,402,221.1,434.16,333.66,458.28,4.22,381.9
Delhi,2021-11-28,405,222.75,437.4,336.15,461.7,4.25,384.75
Delhi,2021-11-29,389,213.95,420.12,322.87,443.46,4.08,369.55
Delhi,2021-11-30,328,180.4,354.24,272.24,373.92,3.44,311.6
Delhi,2021-12-01,370,203.5,399.6,307.1,421.8,3.89,351.5
Delhi,2021-12-02,429,235.95,463.32,356.07,489.06,4.5,407.55
Delhi,2021-12-03,346,190.3,373.68,287.18,394.44,3.63,328.7
Delhi,2021-12-04,362,199.1,390.96,300.46,412.68,3.8,343.9
Delhi,2021-12-05,305,167.75,329.4,253.15,347.7,3.2,289.75
Delhi,2021-12-06,322,177.1,347.76,267.26,367.08,3.38,305.9
Delhi,2021-12-07,255,140.25,275.4,211.65,290.7,2.68,242.25
Delhi,2021-12-08,237,130.35,255.96,196.71,270.18,2.49,225.15
Delhi,2021-12-09,289,158.95,312.12,239.87,329.46,3.03,274.55
Delhi,2021-12-10,314,172.7,339.12,260.62,357.96,3.3,298.3
Delhi,2021-12-11,281,154.55,303.48,233.23,320.34,2.95,266.95
Delhi,2021-12-12,254,139.7,274.32,210.82,289.56,2.67,241.3
Delhi,2021-12-13,331,182.05,357.48,274.73,377.34,3.48,314.45
Delhi,2021-12-14,367,201.85,396.36,304.61,418.38,3.85,348.65
Delhi,2021-12-15,363,199.65,392.04,301.29,413.82,3.81,344.85
Delhi,2021-12-16,368,202.4,397.44,305.44,419.52,3.86,349.6
Delhi,2021-12-17,329,180.95,355.32,273.07,375.06,3.45,312.55
Delhi,2021-12-18,291,160.05,314.28,241.53,331.74,3.06,276.45
Delhi,2021-12-19,271,149.05,292.68,224.93,308.94,2.85,257.45
Delhi,2021-12-20,332,182.6,358.56,275.56,378.48,3.49,315.4
Delhi,2021-12-21,402,221.1,434.16,333.66,458.28,4.22,381.9
Delhi,2021-12-22,407,223.85,439.56,337.81,463.98,4.27,386.65
Delhi,2021-12-23,423,232.65,456.84,351.09,482.22,4.44,401.85
Delhi,2021-12-24,415,228.25,448.2,344.45,473.1,4.36,394.25
Delhi,2021-12-25,431,237.05,465.48,357.73,491.34,4.53,409.45
Delhi,2021-12-26,459,252.45,495.72,380.97,523.26,4.82,436.05
Delhi,2021-12-27,283,155.65,305.64,234.89,322.62,2.97,268.85
Delhi,2021-12-28,305,167.75,329.4,253.15,347.7,3.2,289.75
Delhi,2021-12-29,267,146.85,288.36,221.61,304.38,2.8,253.65
Delhi,2021-12-30,286,157.3,308.88,237.38,326.04,3.0,271.7
Delhi,2021-12-31,321,176.55,346.68,266.43,365.94,3.37,304.95
Delhi,2023-01-01,259,142.45,279.72,214.97,295.26,2.72,246.05
Delhi,2023-01-02,357,196.35,385.56,296.31,406.98,3.75,339.15
Delhi,2023-01-03,385,211.75,415.8,319.55,438.9,4.04,365.75
Delhi,2023-01-04,343,188.65,370.44,284.69,391.02,3.6,325.85
Delhi,2023-01-05,340,187.0,367.2,282.2,387.6,3.57,323.0
Delhi,2023-01-06,400,220.0,432.0,332.0,456.0,4.2,380.0
Delhi,2023-01-07,377,207.35,407.16,312.91,429.78,3.96,358.15
Delhi,2023-01-08,375,206.25,405.0,311.25,427.5,3.94,356.25
Delhi,2023-01-09,434,238.7,468.72,360.22,494.76,4.56,412.3
Delhi,2023-01-10,407,223.85,439.56,337.81,463.98,4.27,386.65
Delhi,2023-01-11,308,169.4,332.64,255.64,351.12,3.23,292.6
Delhi,2023-01-12,371,204.05,400.68,307.93,422.94,3.9,352.45
Delhi,2023-01-13,378,207.9,408.24,313.74,430.92,3.97,359.1
Delhi,2023-01-14,353,194.15,381.24,292.99,402.42,3.71,335.35
Delhi,2023-01-15,213,117.15,230.04,176.79,242.82,2.24,202.35
Delhi,2023-01-16,270,148.5,291.6,224.1,307.8,2.84,256.5
Delhi,2023-01-17,288,158.4,311.04,239.04,328.32,3.02,273.6
Delhi,2023-01-18,306,168.3,330.48,253.98,348.84,3.21,290.7
Delhi,2023-01-19,338,185.9,365.04,280.54,385.32,3.55,321.1
Delhi,2023-01-20,226,124.3,244.08,187.58,257.64,2.37,214.7
Delhi,2023-01-21,294,161.7,317.52,244.02,335.16,3.09,279.3
Delhi,2023-01-22,407,223.85,439.56,337.81,463.98,4.27,386.65
Delhi,2023-01-23,335,184.25,361.8,278.05,381.9,3.52,318.25
Delhi,2023-01-24,237,130.35,255.96,196.71,270.18,2.49,225.15
Delhi,2023-01-25,160,88.0,172.8,132.8,182.4,1.68,152.0
Delhi,2023-01-26,298,163.9,321.84,247.34,339.72,3.13,283.1
Delhi,2023-01-27,229,125.95,247.32,190.07,261.06,2.4,217.55
Delhi,2023-01-28,236,129.8,254.88,195.88,269.04,2.48,224.2
Delhi,2023-01-29,331,182.05,357.48,274.73,377.34,3.48,314.45
Delhi,2023-01-30,207,113.85,223.56,171.81,235.98,2.17,196.65
Delhi,2023-01-31,192,105.6,207.36,159.36,218.88,2.02,182.4
Delhi,2023-02-01,164,90.2,177.12,136.12,186.96,1.72,155.8
Delhi,2023-02-02,194,106.7,209.52,161.02,221.16,2.04,184.3
Delhi,2023-02-03,199,109.45,214.92,165.17,226.86,2.09,189.05
Delhi,2023-02-04,242,133.1,261.36,200.86,275.88,2.54,229.9
Delhi,2023-02-05,244,134.2,263.52,202.52,278.16,2.56,231.8
Delhi,2023-02-06,265,145.75,286.2,219.95,302.1,2.78,251.75
Delhi,2023-02-07,285,156.75,307.8,236.55,324.9,2.99,270.75
Delhi,2023-02-08,144,79.2,155.52,119.52,164.16,1.51,136.8
Delhi,2023-02-09,212,116.6,228.96,175.96,241.68,2.23,201.4
Delhi,2023-02-10,187,102.85,201.96,155.21,213.18,1.96,177.65
Delhi,2023-02-11,275,151.25,297.0,228.25,313.5,2.89,261.25
Delhi,2023-02-12,175,96.25,189.0,145.25,199.5,1.84,166.25
Delhi,2023-02-13,135,74.25,145.8,112.05,153.9,1.42,128.25
Delhi,2023-02-14,132,72.6,142.56,109.56,150.48,1.39,125.4
Delhi,2023-02-15,190,104.5,205.2,157.7,216.6,2.0,180.5
Delhi,2023-02-16,270,148.5,291.6,224.1,307.8,2.84,256.5
Delhi,2023-02-17,367,201.85,396.36,304.61,418.38,3.85,348.65
Delhi,2023-02-18,371,204.05,400.68,307.93,422.94,3.9,352.45
Delhi,2023-02-19,331,182.05,357.48,274.73,377.34,3.48,314.45
Delhi,2023-02-20,324,178.2,349.92,268.92,369.36,3.4,307.8
Delhi,2023-02-21,245,134.75,264.6,203.35,279.3,2.57,232.75
Delhi,2023-02-22,302,166.1,326.16,250.66,344.28,3.17,286.9
Delhi,2023-02-23,227,124.85,245.16,188.41,258.78,2.38,215.65
Delhi,2023-02-24,171,94.05,184.68,141.93,194.94,1.8,162.45
Delhi,2023-02-25,225,123.75,243.0,186.75,256.5,2.36,213.75
Delhi,2023-02-26,291,160.05,314.28,241.53,331.74,3.06,276.45
Delhi,2023-02-27,260,143.0,280.8,215.8,296.4,2.73,247.0
Delhi,2023-02-28,219,120.45,236.52,181.77,249.66,2.3,208.05
Delhi,2023-03-01,181,99.55,195.48,150.23,206.34,1.9,171.95
Delhi,2023-03-02,226,124.3,244.08,187.58,257.64,2.37,214.7
Delhi,2023-03-03,152,83.6,164.16,126.16,173.28,1.6,144.4
Delhi,2023-03-04,129,70.95,139.32,107.07,147.06,1.35,122.55
Delhi,2023-03-05,142,78.1,153.36,117.86,161.88,1.49,134.9
Delhi,2023-03-06,142,78.1,153.36,117.86,161.88,1.49,134.9
Delhi,2023-03-07,173,95.15,186.84,143.59,197.22,1.82,164.35
Delhi,2023-03-08,215,118.25,232.2,178.45,245.1,2.26,204.25
Delhi,2023-03-09,119,65.45,128.52,98.77,135.66,1.25,113.05
Delhi,2023-03-10,187,102.85,201.96,155.21,213.18,1.96,177.65
Delhi,2023-03-11,200,110.0,216.0,166.0,228.0,2.1,190.0
Delhi,2023-03-12,216,118.8,233.28,179.28,246.24,2.27,205.2
Delhi,2023-03-13,231,127.05,249.48,191.73,263.34,2.43,219.45
Delhi,2023-03-14,219,120.45,236.52,181.77,249.66,2.3,208.05
Delhi,2023-03-15,213,117.15,230.04,176.79,242.82,2.24,202.35
Delhi,2023-03-16,259,142.45,279.72,214.97,295.26,2.72,246.05
Delhi,2023-03-17,188,103.4,203.04,156.04,214.32,1.97,178.6
Delhi,2023-03-18,184,101.2,198.72,152.72,209.76,1.93,174.8
Delhi,2023-03-19,162,89.1,174.96,134.46,184.68,1.7,153.9
Delhi,2023-03-20,154,84.7,166.32,127.82,175.56,1.62,146.3
Delhi,2023-03-21,75,41.25,81.0,62.25,85.5,0.79,71.25
Delhi,2023-03-22,164,90.2,177.12,136.12,186.96,1.72,155.8
Delhi,2023-03-23,151,83.05,163.08,125.33,172.14,1.59,143.45
Delhi,2023-03-24,205,112.75,221.4,170.15,233.7,2.15,194.75
Delhi,2023-03-25,78,42.9,84.24,64.74,88.92,0.82,74.1
Delhi,2023-03-26,164,90.2,177.12,136.12,186.96,1.72,155.8
Delhi,2023-03-27,146,80.3,157.68,121.18,166.44,1.53,138.7
Delhi,2023-03-28,147,80.85,158.76,122.01,167.58,1.54,139.65
Delhi,2023-03-29,198,108.9,213.84,164.34,225.72,2.08,188.1
Delhi,2023-03-30,170,93.5,183.6,141.1,193.8,1.79,161.5
Delhi,2023-03-31,73,40.15,78.84,60.59,83.22,0.77,69.35
Delhi,2023-04-01,106,58.3,114.48,87.98,120.84,1.11,100.7
Delhi,2023-04-02,128,70.4,138.24,106.24,145.92,1.34,121.6
Delhi,2023-04-03,179,98.45,193.32,148.57,204.06,1.88,170.05
Delhi,2023-04-04,109,59.95,117.72,90.47,124.26,1.14,103.55
Delhi,2023-04-05,135,74.25,145.8,112.05,153.9,1.42,128.25
Delhi,2023-04-06,142,78.1,153.36,117.86,161.88,1.49,134.9
Delhi,2023-04-07,142,78.1,153.36,117.86,161.88,1.49,134.9
Delhi,2023-04-08,172,94.6,185.76,142.76,196.08,1.81,163.4
Delhi,2023-04-09,217,119.35,234.36,180.11,247.38,2.28,206.15
Delhi,2023-04-10,195,107.25,210.6,161.85,222.3,2.05,185.25
Delhi,2023-04-11,260,143.0,280.8,215.8,296.4,2.73,247.0
Delhi,2023-04-12,213,117.15,230.04,176.79,242.82,2.24,202.35
Delhi,2023-04-13,211,116.05,227.88,175.13,240.54,2.22,200.45
Delhi,2023-04-14,249,136.95,268.92,206.67,283.86,2.61,236.55
Delhi,2023-04-15,235,129.25,253.8,195.05,267.9,2.47,223.25
Delhi,2023-04-16,229,125.95,247.32,190.07,261.06,2.4,217.55
Delhi,2023-04-17,206,113.3,222.48,170.98,234.84,2.16,195.7
Delhi,2023-04-18,235,129.25,253.8,195.05,267.9,2.47,223.25
Delhi,2023-04-19,236,129.8,254.88,195.88,269.04,2.48,224.2
Delhi,2023-04-20,159,87.45,171.72,131.97,181.26,1.67,151.05
Delhi,2023-04-21,129,70.95,139.32,107.07,147.06,1.35,122.55
Delhi,2023-04-22,141,77.55,152.28,117.03,160.74,1.48,133.95
Delhi,2023-04-23,118,64.9,127.44,97.94,134.52,1.24,112.1
Delhi,2023-04-24,160,88.0,172.8,132.8,182.4,1.68,152.0
Delhi,2023-04-25,156,85.8,168.48,129.48,177.84,1.64,148.2
Delhi,2023-04-26,210,115.5,226.8,174.3,239.4,2.21,199.5
Delhi,2023-04-27,219,120.45,236.52,181.77,249.66,2.3,208.05
Delhi,2023-04-28,150,82.5,162.0,124.5,171.0,1.58,142.5
Delhi,2023-04-29,216,118.8,233.28,179.28,246.24,2.27,205.2
Delhi,2023-04-30,132,72.6,142.56,109.56,150.48,1.39,125.4
Delhi,2023-05-01,91,50.05,98.28,75.53,103.74,0.96,86.45
Delhi,2023-05-02,76,41.8,82.08,63.08,86.64,0.8,72.2
Delhi,2023-05-03,107,58.85,115.56,88.81,121.98,1.12,101.65
Delhi,2023-05-04,113,62.15,122.04,93.79,128.82,1.19,107.35
Delhi,2023-05-05,183,100.65,197.64,151.89,208.62,1.92,173.85
Delhi,2023-05-06,234,128.7,252.72,194.22,266.76,2.46,222.3
Delhi,2023-05-07,173,95.15,186.84,143.59,197.22,1.82,164.35
Delhi,2023-05-08,131,72.05,141.48,108.73,149.34,1.38,124.45
Delhi,2023-05-09,197,108.35,212.76,163.51,224.58,2.07,187.15
Delhi,2023-05-10,203,111.65,219.24,168.49,231.42,2.13,192.85
Delhi,2023-05-11,274,150.7,295.92,227.42,312.36,2.88,260.3
Delhi,2023-05-12,227,124.85,245.16,188.41,258.78,2.38,215.65
Delhi,2023-05-13,235,129.25,253.8,195.05,267.9,2.47,223.25
Delhi,2023-05-14,259,142.45,279.72,214.97,295.26,2.72,246.05
Delhi,2023-05-15,162,89.1,174.96,134.46,184.68,1.7,153.9
Delhi,2023-05-16,259,142.45,279.72,214.97,295.26,2.72,246.05
Delhi,2023-05-17,336,184.8,362.88,278.88,383.04,3.53,319.2
Delhi,2023-05-18,149,81.95,160.92,123.67,169.86,1.56,141.55
Delhi,2023-05-19,152,83.6,164.16,126.16,173.28,1.6,144.4
Delhi,2023-05-20,186,102.3,200.88,154.38,212.04,1.95,176.7
Delhi,2023-05-21,215,118.25,232.2,178.45,245.1,2.26,204.25
Delhi,2023-05-22,199,109.45,214.92,165.17,226.86,2.09,189.05
Delhi,2023-05-23,198,108.9,213.84,164.34,225.72,2.08,188.1
Delhi,2023-05-24,158,86.9,170.64,131.14,180.12,1.66,150.1
Delhi,2023-05-25,106,58.3,114.48,87.98,120.84,1.11,100.7
Delhi,2023-05-26,98,53.9,105.84,81.34,111.72,1.03,93.1
Delhi,2023-05-27,110,60.5,118.8,91.3,125.4,1.16,104.5
Delhi,2023-05-28,134,73.7,144.72,111.22,152.76,1.41,127.3
Delhi,2023-05-29,136,74.8,146.88,112.88,155.04,1.43,129.2
Delhi,2023-05-30,115,63.25,124.2,95.45,131.1,1.21,109.25
Delhi,2023-05-31,85,46.75,91.8,70.55,96.9,0.89,80.75
Delhi,2023-06-01,96,52.8,103.68,79.68,109.44,1.01,91.2
Delhi,2023-06-02,120,66.0,129.6,99.6,136.8,1.26,114.0
Delhi,2023-06-03,121,66.55,130.68,100.43,137.94,1.27,114.95
Delhi,2023-06-04,171,94.05,184.68,141.93,194.94,1.8,162.45
Delhi,2023-06-05,166,91.3,179.28,137.78,189.24,1.74,157.7
Delhi,2023-06-06,139,76.45,150.12,115.37,158.46,1.46,132.05
Delhi,2023-06-07,239,131.45,258.12,198.37,272.46,2.51,227.05
Delhi,2023-06-08,161,88.55,173.88,133.63,183.54,1.69,152.95
Delhi,2023-06-09,152,83.6,164.16,126.16,173.28,1.6,144.4
Delhi,2023-06-10,134,73.7,144.72,111.22,152.76,1.41,127.3
Delhi,2023-06-11,130,71.5,140.4,107.9,148.2,1.37,123.5
Delhi,2023-06-12,169,92.95,182.52,140.27,192.66,1.77,160.55
Delhi,2023-06-13,205,112.75,221.4,170.15,233.7,2.15,194.75
Delhi,2023-06-14,213,117.15,230.04,176.79,242.82,2.24,202.35
Delhi,2023-06-15,154,84.7,166.32,127.82,175.56,1.62,146.3
Delhi,2023-06-16,119,65.45,128.52,98.77,135.66,1.25,113.05
Delhi,2023-06-17,119,65.45,128.52,98.77,135.66,1.25,113.05
Delhi,2023-06-18,90,49.5,97.2,74.7,102.6,0.95,85.5
Delhi,2023-06-19,75,41.25,81.0,62.25,85.5,0.79,71.25
Delhi,2023-06-20,104,57.2,112.32,86.32,118.56,1.09,98.8
Delhi,2023-06-21,91,50.05,98.28,75.53,103.74,0.96,86.45
Delhi,2023-06-22,110,60.5,118.8,91.3,125.4,1.16,104.5
Delhi,2023-06-23,132,72.6,142.56,109.56,150.48,1.39,125.4
Delhi,2023-06-24,169,92.95,182.52,140.27,192.66,1.77,160.55
Delhi,2023-06-25,71,39.05,76.68,58.93,80.94,0.75,67.45
Delhi,2023-06-26,93,51.15,100.44,77.19,106.02,0.98,88.35
Delhi,2023-06-27,86,47.3,92.88,71.38,98.04,0.9,81.7
Delhi,2023-06-28,93,51.15,100.44,77.19,106.02,0.98,88.35
Delhi,2023-06-29,101,55.55,109.08,83.83,115.14,1.06,95.95
Delhi,2023-06-30,70,38.5,75.6,58.1,79.8,0.74,66.5
Delhi,2023-07-01,69,37.95,74.52,57.27,78.66,0.72,65.55
Delhi,2023-07-02,71,39.05,76.68,58.93,80.94,0.75,67.45
Delhi,2023-07-03,118,64.9,127.44,97.94,134.52,1.24,112.1
Delhi,2023-07-04,144,79.2,155.52,119.52,164.16,1.51,136.8
Delhi,2023-07-05,96,52.8,103.68,79.68,109.44,1.01,91.2
Delhi,2023-07-06,72,39.6,77.76,59.76,82.08,0.76,68.4
Delhi,2023-07-07,77,42.35,83.16,63.91,87.78,0.81,73.15
Delhi,2023-07-08,71,39.05,76.68,58.93,80.94,0.75,67.45
Delhi,2023-07-09,64,35.2,69.12,53.12,72.96,0.67,60.8
Delhi,2023-07-10,65,35.75,70.2,53.95,74.1,0.68,61.75
Delhi,2023-07-11,69,37.95,74.52,57.27,78.66,0.72,65.55
Delhi,2023-07-12,77,42.35,83.16,63.91,87.78,0.81,73.15
Delhi,2023-07-13,77,42.35,83.16,63.91,87.78,0.81,73.15
Delhi,2023-07-14,73,40.15,78.84,60.59,83.22,0.77,69.35
Delhi,2023-07-15,100,55.0,108.0,83.0,114.0,1.05,95.0
Delhi,2023-07-16,69,37.95,74.52,57.27,78.66,0.72,65.55
Delhi,2023-07-17,85,46.75,91.8,70.55,96.9,0.89,80.75
Delhi,2023-07-18,113,62.15,122.04,93.79,128.82,1.19,107.35
Delhi,2023-07-19,77,42.35,83.16,63.91,87.78,0.81,73.15
Delhi,2023-07-20,93,51.15,100.44,77.19,106.02,0.98,88.35
Delhi,2023-07-21,109,59.95,117.72,90.47,124.26,1.14,103.55
Delhi,2023-07-22,96,52.8,103.68,79.68,109.44,1.01,91.2
Delhi,2023-07-23,73,40.15,78.84,60.59,83.22,0.77,69.35
Delhi,2023-07-24,77,42.35,83.16,63.91,87.78,0.81,73.15
Delhi,2023-07-25,102,56.1,110.16,84.66,116.28,1.07,96.9
Delhi,2023-07-26,73,40.15,78.84,60.59,83.22,0.77,69.35
Delhi,2023-07-27,92,50.6,99.36,76.36,104.88,0.97,87.4
Delhi,2023-07-28,81,44.55,87.48,67.23,92.34,0.85,76.95
Delhi,2023-07-29,59,32.45,63.72,48.97,67.26,0.62,56.05
Delhi,2023-07-30,65,35.75,70.2,53.95,74.1,0.68,61.75
Delhi,2023-07-31,89,48.95,96.12,73.87,101.46,0.93,84.55
Delhi,2023-08-01,92,50.6,99.36,76.36,104.88,0.97,87.4
Delhi,2023-08-02,91,50.05,98.28,75.53,103.74,0.96,86.45
Delhi,2023-08-03,75,41.25,81.0,62.25,85.5,0.79,71.25
Delhi,2023-08-04,105,57.75,113.4,87.15,119.7,1.1,99.75
Delhi,2023-08-05,85,46.75,91.8,70.55,96.9,0.89,80.75
Delhi,2023-08-06,101,55.55,109.08,83.83,115.14,1.06,95.95
Delhi,2023-08-07,102,56.1,110.16,84.66,116.28,1.07,96.9
Delhi,2023-08-08,110,60.5,118.8,91.3,125.4,1.16,104.5
Delhi,2023-08-09,118,64.9,127.44,97.94,134.52,1.24,112.1
Delhi,2023-08-10,133,73.15,143.64,110.39,151.62,1.4,126.35
Delhi,2023-08-11,123,67.65,132.84,102.09,140.22,1.29,116.85
Delhi,2023-08-12,126,69.3,136.08,104.58,143.64,1.32,119.7
Delhi,2023-08-13,105,57.75,113.4,87.15,119.7,1.1,99.75
Delhi,2023-08-14,114,62.7,123.12,94.62,129.96,1.2,108.3
Delhi,2023-08-15,108,59.4,116.64,89.64,123.12,1.13,102.6
Delhi,2023-08-16,109,59.95,117.72,90.47,124.26,1.14,103.55
Delhi,2023-08-17,131,72.05,141.48,108.73,149.34,1.38,124.45
Delhi,2023-08-18,153,84.15,165.24,126.99,174.42,1.61,145.35
Delhi,2023-08-19,125,68.75,135.0,103.75,142.5,1.31,118.75
Delhi,2023-08-20,91,50.05,98.28,75.53,103.74,0.96,86.45
Delhi,2023-08-21,91,50.05,98.28,75.53,103.74,0.96,86.45
Delhi,2023-08-22,106,58.3,114.48,87.98,120.84,1.11,100.7
Delhi,2023-08-23,71,39.05,76.68,58.93,80.94,0.75,67.45
Delhi,2023-08-24,85,46.75,91.8,70.55,96.9,0.89,80.75
Delhi,2023-08-25,117,64.35,126.36,97.11,133.38,1.23,111.15
Delhi,2023-08-26,152,83.6,164.16,126.16,173.28,1.6,144.4
Delhi,2023-08-27,186,102.3,200.88,154.38,212.04,1.95,176.7
Delhi,2023-08-28,144,79.2,155.52,119.52,164.16,1.51,136.8
Delhi,2023-08-29,162,89.1,174.96,134.46,184.68,1.7,153.9
Delhi,2023-08-30,154,84.7,166.32,127.82,175.56,1.62,146.3
Delhi,2023-08-31,146,80.3,157.68,121.18,166.44,1.53,138.7
Delhi,2023-09-01,140,77.0,151.2,116.2,159.6,1.47,133.0
Delhi,2023-09-02,136,74.8,146.88,112.88,155.04,1.43,129.2
Delhi,2023-09-03,136,74.8,146.88,112.88,155.04,1.43,129.2
Delhi,2023-09-04,136,74.8,146.88,112.88,155.04,1.43,129.2
Delhi,2023-09-05,121,66.55,130.68,100.43,137.94,1.27,114.95
Delhi,2023-09-06,106,58.3,114.48,87.98,120.84,1.11,100.7
Delhi,2023-09-07,104,57.2,112.32,86.32,118.56,1.09,98.8
Delhi,2023-09-08,83,45.65,89.64,68.89,94.62,0.87,78.85
Delhi,2023-09-09,54,29.7,58.32,44.82,61.56,0.57,51.3
Delhi,2023-09-10,45,24.75,48.6,37.35,51.3,0.47,42.75
Delhi,2023-09-11,54,29.7,58.32,44.82,61.56,0.57,51.3
Delhi,2023-09-12,89,48.95,96.12,73.87,101.46,0.93,84.55
Delhi,2023-09-13,106,58.3,114.48,87.98,120.84,1.11,100.7
Delhi,2023-09-14,123,67.65,132.84,102.09,140.22,1.29,116.85
Delhi,2023-09-15,101,55.55,109.08,83.83,115.14,1.06,95.95
Delhi,2023-09-16,85,46.75,91.8,70.55,96.9,0.89,80.75
Delhi,2023-09-17,65,35.75,70.2,53.95,74.1,0.68,61.75
Delhi,2023-09-18,63,34.65,68.04,52.29,71.82,0.66,59.85
Delhi,2023-09-19,73,40.15,78.84,60.59,83.22,0.77,69.35
Delhi,2023-09-20,97,53.35,104.76,80.51,110.58,1.02,92.15
Delhi,2023-09-21,114,62.7,123.12,94.62,129.96,1.2,108.3
Delhi,2023-09-22,103,56.65,111.24,85.49,117.42,1.08,97.85
Delhi,2023-09-23,110,60.5,118.8,91.3,125.4,1.16,104.5
Delhi,2023-09-24,134,73.7,144.72,111.22,152.76,1.41,127.3
Delhi,2023-09-25,118,64.9,127.44,97.94,134.52,1.24,112.1
Delhi,2023-09-26,152,83.6,164.16,126.16,173.28,1.6,144.4
Delhi,2023-09-27,129,70.95,139.32,107.07,147.06,1.35,122.55
Delhi,2023-09-28,137,75.35,147.96,113.71,156.18,1.44,130.15
Delhi,2023-09-29,157,86.35,169.56,130.31,178.98,1.65,149.15
Delhi,2023-09-30,166,91.3,179.28,137.78,189.24,1.74,157.7
Delhi,2023-10-01,147,80.85,158.76,122.01,167.58,1.54,139.65
Delhi,2023-10-02,146,80.3,157.68,121.18,166.44,1.53,138.7
Delhi,2023-10-03,155,85.25,167.4,128.65,176.7,1.63,147.25
Delhi,2023-10-04,176,96.8,190.08,146.08,200.64,1.85,167.2
Delhi,2023-10-05,177,97.35,191.16,146.91,201.78,1.86,168.15
Delhi,2023-10-06,212,116.6,228.96,175.96,241.68,2.23,201.4
Delhi,2023-10-07,216,118.8,233.28,179.28,246.24,2.27,205.2
Delhi,2023-10-08,164,90.2,177.12,136.12,186.96,1.72,155.8
Delhi,2023-10-09,175,96.25,189.0,145.25,199.5,1.84,166.25
Delhi,2023-10-10,180,99.0,194.4,149.4,205.2,1.89,171.0
Delhi,2023-10-11,193,106.15,208.44,160.19,220.02,2.03,183.35
Delhi,2023-10-12,220,121.0,237.6,182.6,250.8,2.31,209.0
Delhi,2023-10-13,256,140.8,276.48,212.48,291.84,2.69,243.2
Delhi,2023-10-14,257,141.35,277.56,213.31,292.98,2.7,244.15
Delhi,2023-10-15,233,128.15,251.64,193.39,265.62,2.45,221.35
Delhi,2023-10-16,207,113.85,223.56,171.81,235.98,2.17,196.65
Delhi,2023-10-17,89,48.95,96.12,73.87,101.46,0.93,84.55
Delhi,2023-10-18,129,70.95,139.32,107.07,147.06,1.35,122.55
Delhi,2023-10-19,121,66.55,130.68,100.43,137.94,1.27,114.95
Delhi,2023-10-20,196,107.8,211.68,162.68,223.44,2.06,186.2
Delhi,2023-10-21,248,136.4,267.84,205.84,282.72,2.6,235.6
Delhi,2023-10-22,313,172.15,338.04,259.79,356.82,3.29,297.35
Delhi,2023-10-23,263,144.65,284.04,218.29,299.82,2.76,249.85
Delhi,2023-10-24,220,121.0,237.6,182.6,250.8,2.31,209.0
Delhi,2023-10-25,243,133.65,262.44,201.69,277.02,2.55,230.85
Delhi,2023-10-26,256,140.8,276.48,212.48,291.84,2.69,243.2
Delhi,2023-10-27,261,143.55,281.88,216.63,297.54,2.74,247.95
Delhi,2023-10-28,304,167.2,328.32,252.32,346.56,3.19,288.8
Delhi,2023-10-29,325,178.75,351.0,269.75,370.5,3.41,308.75
Delhi,2023-10-30,347,190.85,374.76,288.01,395.58,3.64,329.65
Delhi,2023-10-31,359,197.45,387.72,297.97,409.26,3.77,341.05
Delhi,2023-11-01,366,201.3,395.28,303.78,417.24,3.84,347.7
Delhi,2023-11-02,392,215.6,423.36,325.36,446.88,4.12,372.4
Delhi,2023-11-03,468,257.4,505.44,388.44,533.52,4.91,444.6
Delhi,2023-11-04,415,228.25,448.2,344.45,473.1,4.36,394.25
Delhi,2023-11-05,454,249.7,490.32,376.82,517.56,4.77,431.3
Delhi,2023-11-06,421,231.55,454.68,349.43,479.94,4.42,399.95
Delhi,2023-11-07,395,217.25,426.6,327.85,450.3,4.15,375.25
Delhi,2023-11-08,426,234.3,460.08,353.58,485.64,4.47,404.7
Delhi,2023-11-09,437,240.35,471.96,362.71,498.18,4.59,415.15
Delhi,2023-11-10,279,153.45,301.32,231.57,318.06,2.93,265.05
Delhi,2023-11-11,220,121.0,237.6,182.6,250.8,2.31,209.0
Delhi,2023-11-12,218,119.9,235.44,180.94,248.52,2.29,207.1
Delhi,2023-11-13,358,196.9,386.64,297.14,408.12,3.76,340.1
Delhi,2023-11-14,397,218.35,428.76,329.51,452.58,4.17,377.15
Delhi,2023-11-15,398,218.9,429.84,330.34,453.72,4.18,378.1
Delhi,2023-11-16,419,230.45,452.52,347.77,477.66,4.4,398.05
Delhi,2023-11-17,405,222.75,437.4,336.15,461.7,4.25,384.75
Delhi,2023-11-18,319,175.45,344.52,264.77,363.66,3.35,303.05
Delhi,2023-11-19,301,165.55,325.08,249.83,343.14,3.16,285.95
Delhi,2023-11-20,348,191.4,375.84,288.84,396.72,3.65,330.6
Delhi,2023-11-21,372,204.6,401.76,308.76,424.08,3.91,353.4
Delhi,2023-11-22,395,217.25,426.6,327.85,450.3,4.15,375.25
Delhi,2023-11-23,390,214.5,421.2,323.7,444.6,4.1,370.5
Delhi,2023-11-24,415,228.25,448.2,344.45,473.1,4.36,394.25
Delhi,2023-11-25,389,213.95,420.12,322.87,443.46,4.08,369.55
Delhi,2023-11-26,396,217.8,427.68,328.68,451.44,4.16,376.2
Delhi,2023-11-27,395,217.25,426.6,327.85,450.3,4.15,375.25
Delhi,2023-11-28,312,171.6,336.96,258.96,355.68,3.28,296.4
Delhi,2023-11-29,290,159.5,313.2,240.7,330.6,3.05,275.5
Delhi,2023-11-30,398,218.9,429.84,330.34,453.72,4.18,378.1
Delhi,2023-12-01,372,204.6,401.76,308.76,424.08,3.91,353.4
Delhi,2023-12-02,353,194.15,381.24,292.99,402.42,3.71,335.35
Delhi,2023-12-03,314,172.7,339.12,260.62,357.96,3.3,298.3
Delhi,2023-12-04,311,171.05,335.88,258.13,354.54,3.27,295.45
Delhi,2023-12-05,297,163.35,320.76,246.51,338.58,3.12,282.15
Delhi,2023-12-06,286,157.3,308.88,237.38,326.04,3.0,271.7
Delhi,2023-12-07,320,176.0,345.6,265.6,364.8,3.36,304.0
Delhi,2023-12-08,324,178.2,349.92,268.92,369.36,3.4,307.8
Delhi,2023-12-09,321,176.55,346.68,266.43,365.94,3.37,304.95
Delhi,2023-12-10,314,172.7,339.12,260.62,357.96,3.3,298.3
Delhi,2023-12-11,317,174.35,342.36,263.11,361.38,3.33,301.15
Delhi,2023-12-12,355,195.25,383.4,294.65,404.7,3.73,337.25
Delhi,2023-12-13,378,207.9,408.24,313.74,430.92,3.97,359.1
Delhi,2023-12-14,326,179.3,352.08,270.58,371.64,3.42,309.7
Delhi,2023-12-15,323,177.65,348.84,268.09,368.22,3.39,306.85
Delhi,2023-12-16,354,194.7,382.32,293.82,403.56,3.72,336.3
Delhi,2023-12-17,331,182.05,357.48,274.73,377.34,3.48,314.45
Delhi,2023-12-18,330,181.5,356.4,273.9,376.2,3.47,313.5
Delhi,2023-12-19,286,157.3,308.88,237.38,326.04,3.0,271.7
Delhi,2023-12-20,285,156.75,307.8,236.55,324.9,2.99,270.75
Delhi,2023-12-21,361,198.55,389.88,299.63,411.54,3.79,342.95
Delhi,2023-12-22,409,224.95,441.72,339.47,466.26,4.29,388.55
Delhi,2023-12-23,450,247.5,486.0,373.5,513.0,4.73,427.5
Delhi,2023-12-24,411,226.05,443.88,341.13,468.54,4.32,390.45
Delhi,2023-12-25,383,210.65,413.64,317.89,436.62,4.02,363.85
Delhi,2023-12-26,377,207.35,407.16,312.91,429.78,3.96,358.15
Delhi,2023-12-27,380,209.0,410.4,315.4,433.2,3.99,361.0
Delhi,2023-12-28,358,196.9,386.64,297.14,408.12,3.76,340.1
Delhi,2023-12-29,382,210.1,412.56,317.06,435.48,4.01,362.9
Delhi,2023-12-30,400,220.0,432.0,332.0,456.0,4.2,380.0
Delhi,2023-12-31,382,210.1,412.56,317.06,435.48,4.01,362.9
Delhi,2024-01-01,346,190.3,373.68,287.18,394.44,3.63,328.7
Delhi,2024-01-02,340,187.0,367.2,282.2,387.6,3.57,323.0
Delhi,2024-01-03,341,187.55,368.28,283.03,388.74,3.58,323.95
Delhi,2024-01-04,377,207.35,407.16,312.91,429.78,3.96,358.15
Delhi,2024-01-05,333,183.15,359.64,276.39,379.62,3.5,316.35
Delhi,2024-01-06,319,175.45,344.52,264.77,363.66,3.35,303.05
Delhi,2024-01-07,333,183.15,359.64,276.39,379.62,3.5,316.35
Delhi,2024-01-08,345,189.75,372.6,286.35,393.3,3.62,327.75
Delhi,2024-01-09,343,188.65,370.44,284.69,391.02,3.6,325.85
Delhi,2024-01-10,273,150.15,294.84,226.59,311.22,2.87,259.35
Delhi,2024-01-11,348,191.4,375.84,288.84,396.72,3.65,330.6
Delhi,2024-01-12,340,187.0,367.2,282.2,387.6,3.57,323.0
Delhi,2024-01-13,398,218.9,429.84,330.34,453.72,4.18,378.1
Delhi,2024-01-14,447,245.85,482.76,371.01,509.58,4.69,424.65
Delhi,2024-01-15,359,197.45,387.72,297.97,409.26,3.77,341.05
Delhi,2024-01-16,371,204.05,400.68,307.93,422.94,3.9,352.45
Delhi,2024-01-17,368,202.4,397.44,305.44,419.52,3.86,349.6
Delhi,2024-01-18,318,174.9,343.44,263.94,362.52,3.34,302.1
Delhi,2024-01-19,348,191.4,375.84,288.84,396.72,3.65,330.6
Delhi,2024-01-20,329,180.95,355.32,273.07,375.06,3.45,312.55
Delhi,2024-01-21,349,191.95,376.92,289.67,397.86,3.66,331.55
Delhi,2024-01-22,333,183.15,359.64,276.39,379.62,3.5,316.35
Delhi,2024-01-23,368,202.4,397.44,305.44,419.52,3.86,349.6
Delhi,2024-01-24,409,224.95,441.72,339.47,466.26,4.29,388.55
Delhi,2024-01-25,332,182.6,358.56,275.56,378.48,3.49,315.4
Delhi,2024-01-26,408,224.4,440.64,338.64,465.12,4.28,387.6
Delhi,2024-01-27,356,195.8,384.48,295.48,405.84,3.74,338.2
Delhi,2024-01-28,365,200.75,394.2,302.95,416.1,3.83,346.75
Delhi,2024-01-29,356,195.8,384.48,295.48,405.84,3.74,338.2
Delhi,2024-01-30,357,196.35,385.56,296.31,406.98,3.75,339.15
Delhi,2024-01-31,391,215.05,422.28,324.53,445.74,4.11,371.45
Delhi,2024-02-01,176,96.8,190.08,146.08,200.64,1.85,167.2
Delhi,2024-02-02,215,118.25,232.2,178.45,245.1,2.26,204.25
Delhi,2024-02-03,199,109.45,214.92,165.17,226.86,2.09,189.05
Delhi,2024-02-04,274,150.7,295.92,227.42,312.36,2.88,260.3
Delhi,2024-02-05,177,97.35,191.16,146.91,201.78,1.86,168.15
Delhi,2024-02-06,140,77.0,151.2,116.2,159.6,1.47,133.0
Delhi,2024-02-07,174,95.7,187.92,144.42,198.36,1.83,165.3
Delhi,2024-02-08,161,88.55,173.88,133.63,183.54,1.69,152.95
Delhi,2024-02-09,146,80.3,157.68,121.18,166.44,1.53,138.7
Delhi,2024-02-10,295,162.25,318.6,244.85,336.3,3.1,280.25
Delhi,2024-02-11,313,172.15,338.04,259.79,356.82,3.29,297.35
Delhi,2024-02-12,300,165.0,324.0,249.0,342.0,3.15,285.0
Delhi,2024-02-13,341,187.55,368.28,283.03,388.74,3.58,323.95
Delhi,2024-02-14,340,187.0,367.2,282.2,387.6,3.57,323.0
Delhi,2024-02-15,278,152.9,300.24,230.74,316.92,2.92,264.1
Delhi,2024-02-16,268,147.4,289.44,222.44,305.52,2.81,254.6
Delhi,2024-02-17,245,134.75,264.6,203.35,279.3,2.57,232.75
Delhi,2024-02-18,270,148.5,291.6,224.1,307.8,2.84,256.5
Delhi,2024-02-19,231,127.05,249.48,191.73,263.34,2.43,219.45
Delhi,2024-02-20,226,124.3,244.08,187.58,257.64,2.37,214.7
Delhi,2024-02-21,243,133.65,262.44,201.69,277.02,2.55,230.85
Delhi,2024-02-22,150,82.5,162.0,124.5,171.0,1.58,142.5
Delhi,2024-02-23,143,78.65,154.44,118.69,163.02,1.5,135.85
Delhi,2024-02-24,193,106.15,208.44,160.19,220.02,2.03,183.35
Delhi,2024-02-25,193,106.15,208.44,160.19,220.02,2.03,183.35
Delhi,2024-02-26,172,94.6,185.76,142.76,196.08,1.81,163.4
Delhi,2024-02-27,159,87.45,171.72,131.97,181.26,1.67,151.05
Delhi,2024-02-28,141,77.55,152.28,117.03,160.74,1.48,133.95
Delhi,2024-02-29,147,80.85,158.76,122.01,167.58,1.54,139.65
Delhi,2024-03-01,208,114.4,224.64,172.64,237.12,2.18,197.6
Delhi,2024-03-02,117,64.35,126.36,97.11,133.38,1.23,111.15
Delhi,2024-03-03,126,69.3,136.08,104.58,143.64,1.32,119.7
Delhi,2024-03-04,141,77.55,152.28,117.03,160.74,1.48,133.95
Delhi,2024-03-05,125,68.75,135.0,103.75,142.5,1.31,118.75
Delhi,2024-03-06,138,75.9,149.04,114.54,157.32,1.45,131.1
Delhi,2024-03-07,181,99.55,195.48,150.23,206.34,1.9,171.95
Delhi,2024-03-08,157,86.35,169.56,130.31,178.98,1.65,149.15
Delhi,2024-03-09,145,79.75,156.6,120.35,165.3,1.52,137.75
Delhi,2024-03-10,182,100.1,196.56,151.06,207.48,1.91,172.9
Delhi,2024-03-11,201,110.55,217.08,166.83,229.14,2.11,190.95
Delhi,2024-03-12,190,104.5,205.2,157.7,216.6,2.0,180.5
Delhi,2024-03-13,165,90.75,178.2,136.95,188.1,1.73,156.75
Delhi,2024-03-14,195,107.25,210.6,161.85,222.3,2.05,185.25
Delhi,2024-03-15,128,70.4,138.24,106.24,145.92,1.34,121.6
Delhi,2024-03-16,168,92.4,181.44,139.44,191.52,1.76,159.6
Delhi,2024-03-17,193,106.15,208.44,160.19,220.02,2.03,183.35
Delhi,2024-03-18,199,109.45,214.92,165.17,226.86,2.09,189.05
Delhi,2024-03-19,222,122.1,239.76,184.26,253.08,2.33,210.9
Delhi,2024-03-20,230,126.5,248.4,190.9,262.2,2.42,218.5
Delhi,2024-03-21,171,94.05,184.68,141.93,194.94,1.8,162.45
Delhi,2024-03-22,166,91.3,179.28,137.78,189.24,1.74,157.7
Delhi,2024-03-23,232,127.6,250.56,192.56,264.48,2.44,220.4
Delhi,2024-03-24,195,107.25,210.6,161.85,222.3,2.05,185.25
Delhi,2024-03-25,197,108.35,212.76,163.51,224.58,2.07,187.15
Delhi,2024-03-26,134,73.7,144.72,111.22,152.76,1.41,127.3
Delhi,2024-03-27,178,97.9,192.24,147.74,202.92,1.87,169.1
Delhi,2024-03-28,160,88.0,172.8,132.8,182.4,1.68,152.0
Delhi,2024-03-29,176,96.8,190.08,146.08,200.64,1.85,167.2
Delhi,2024-03-30,190,104.5,205.2,157.7,216.6,2.0,180.5
Delhi,2024-03-31,243,133.65,262.44,201.69,277.02,2.55,230.85
Delhi,2024-04-01,133,73.15,143.64,110.39,151.62,1.4,126.35
Delhi,2024-04-02,144,79.2,155.52,119.52,164.16,1.51,136.8
Delhi,2024-04-03,167,91.85,180.36,138.61,190.38,1.75,158.65
Delhi,2024-04-04,173,95.15,186.84,143.59,197.22,1.82,164.35
Delhi,2024-04-05,174,95.7,187.92,144.42,198.36,1.83,165.3
Delhi,2024-04-06,168,92.4,181.44,139.44,191.52,1.76,159.6
Delhi,2024-04-07,179,98.45,193.32,148.57,204.06,1.88,170.05
Delhi,2024-04-08,191,105.05,206.28,158.53,217.74,2.01,181.45
Delhi,2024-04-09,203,111.65,219.24,168.49,231.42,2.13,192.85
Delhi,2024-04-10,222,122.1,239.76,184.26,253.08,2.33,210.9
Delhi,2024-04-11,240,132.0,259.2,199.2,273.6,2.52,228.0
Delhi,2024-04-12,232,127.6,250.56,192.56,264.48,2.44,220.4
Delhi,2024-04-13,198,108.9,213.84,164.34,225.72,2.08,188.1
Delhi,2024-04-14,141,77.55,152.28,117.03,160.74,1.48,133.95
Delhi,2024-04-15,205,112.75,221.4,170.15,233.7,2.15,194.75
Delhi,2024-04-16,228,125.4,246.24,189.24,259.92,2.39,216.6
Delhi,2024-04-17,147,80.85,158.76,122.01,167.58,1.54,139.65
Delhi,2024-04-18,164,90.2,177.12,136.12,186.96,1.72,155.8
Delhi,2024-04-19,186,102.3,200.88,154.38,212.04,1.95,176.7
Delhi,2024-04-20,219,120.45,236.52,181.77,249.66,2.3,208.05
Delhi,2024-04-21,139,76.45,150.12,115.37,158.46,1.46,132.05
Delhi,2024-04-22,129,70.95,139.32,107.07,147.06,1.35,122.55
Delhi,2024-04-23,190,104.5,205.2,157.7,216.6,2.0,180.5
Delhi,2024-04-24,178,97.9,192.24,147.74,202.92,1.87,169.1
Delhi,2024-04-25,200,110.0,216.0,166.0,228.0,2.1,190.0
Delhi,2024-04-26,197,108.35,212.76,163.51,224.58,2.07,187.15
Delhi,2024-04-27,165,90.75,178.2,136.95,188.1,1.73,156.75
Delhi,2024-04-28,176,96.8,190.08,146.08,200.64,1.85,167.2
Delhi,2024-04-29,225,123.75,243.0,186.75,256.5,2.36,213.75
Delhi,2024-04-30,189,103.95,204.12,156.87,215.46,1.98,179.55
Delhi,2024-05-01,200,110.0,216.0,166.0,228.0,2.1,190.0
Delhi,2024-05-02,197,108.35,212.76,163.51,224.58,2.07,187.15
Delhi,2024-05-03,264,145.2,285.12,219.12,300.96,2.77,250.8
Delhi,2024-05-04,282,155.1,304.56,234.06,321.48,2.96,267.9
Delhi,2024-05-05,292,160.6,315.36,242.36,332.88,3.07,277.4
Delhi,2024-05-06,248,136.4,267.84,205.84,282.72,2.6,235.6
Delhi,2024-05-07,303,166.65,327.24,251.49,345.42,3.18,287.85
Delhi,2024-05-08,225,123.75,243.0,186.75,256.5,2.36,213.75
Delhi,2024-05-09,179,98.45,193.32,148.57,204.06,1.88,170.05
Delhi,2024-05-10,180,99.0,194.4,149.4,205.2,1.89,171.0
Delhi,2024-05-11,242,133.1,261.36,200.86,275.88,2.54,229.9
Delhi,2024-05-12,184,101.2,198.72,152.72,209.76,1.93,174.8
Delhi,2024-05-13,228,125.4,246.24,189.24,259.92,2.39,216.6
Delhi,2024-05-14,235,129.25,253.8,195.05,267.9,2.47,223.25
Delhi,2024-05-15,244,134.2,263.52,202.52,278.16,2.56,231.8
Delhi,2024-05-16,236,129.8,254.88,195.88,269.04,2.48,224.2
Delhi,2024-05-17,233,128.15,251.64,193.39,265.62,2.45,221.35
Delhi,2024-05-18,262,144.1,282.96,217.46,298.68,2.75,248.9
Delhi,2024-05-19,245,134.75,264.6,203.35,279.3,2.57,232.75
Delhi,2024-05-20,228,125.4,246.24,189.24,259.92,2.39,216.6
Delhi,2024-05-21,240,132.0,259.2,199.2,273.6,2.52,228.0
Delhi,2024-05-22,193,106.15,208.44,160.19,220.02,2.03,183.35
Delhi,2024-05-23,156,85.8,168.48,129.48,177.84,1.64,148.2
Delhi,2024-05-24,157,86.35,169.56,130.31,178.98,1.65,149.15
Delhi,2024-05-25,168,92.4,181.44,139.44,191.52,1.76,159.6
Delhi,2024-05-26,191,105.05,206.28,158.53,217.74,2.01,181.45
Delhi,2024-05-27,225,123.75,243.0,186.75,256.5,2.36,213.75
Delhi,2024-05-28,246,135.3,265.68,204.18,280.44,2.58,233.7
Delhi,2024-05-29,240,132.0,259.2,199.2,273.6,2.52,228.0
Delhi,2024-05-30,230,126.5,248.4,190.9,262.2,2.42,218.5
Delhi,2024-05-31,192,105.6,207.36,159.36,218.88,2.02,182.4
Delhi,2024-06-01,245,134.75,264.6,203.35,279.3,2.57,232.75
Delhi,2024-06-02,173,95.15,186.84,143.59,197.22,1.82,164.35
Delhi,2024-06-03,155,85.25,167.4,128.65,176.7,1.63,147.25
Delhi,2024-06-04,211,116.05,227.88,175.13,240.54,2.22,200.45
Delhi,2024-06-05,251,138.05,271.08,208.33,286.14,2.64,238.45
Delhi,2024-06-06,183,100.65,197.64,151.89,208.62,1.92,173.85
Delhi,2024-06-07,231,127.05,249.48,191.73,263.34,2.43,219.45
Delhi,2024-06-08,237,130.35,255.96,196.71,270.18,2.49,225.15
Delhi,2024-06-09,182,100.1,196.56,151.06,207.48,1.91,172.9
Delhi,2024-06-10,172,94.6,185.76,142.76,196.08,1.81,163.4
Delhi,2024-06-11,223,122.65,240.84,185.09,254.22,2.34,211.85
Delhi,2024-06-12,213,117.15,230.04,176.79,242.82,2.24,202.35
Delhi,2024-06-13,195,107.25,210.6,161.85,222.3,2.05,185.25
Delhi,2024-06-14,189,103.95,204.12,156.87,215.46,1.98,179.55
Delhi,2024-06-15,186,102.3,200.88,154.38,212.04,1.95,176.7
Delhi,2024-06-16,197,108.35,212.76,163.51,224.58,2.07,187.15
Delhi,2024-06-17,169,92.95,182.52,140.27,192.66,1.77,160.55
Delhi,2024-06-18,196,107.8,211.68,162.68,223.44,2.06,186.2
Delhi,2024-06-19,306,168.3,330.48,253.98,348.84,3.21,290.7
Delhi,2024-06-20,179,98.45,193.32,148.57,204.06,1.88,170.05
Delhi,2024-06-21,175,96.25,189.0,145.25,199.5,1.84,166.25
Delhi,2024-06-22,186,102.3,200.88,154.38,212.04,1.95,176.7
Delhi,2024-06-23,145,79.75,156.6,120.35,165.3,1.52,137.75
Delhi,2024-06-24,138,75.9,149.04,114.54,157.32,1.45,131.1
Delhi,2024-06-25,134,73.7,144.72,111.22,152.76,1.41,127.3
Delhi,2024-06-26,132,72.6,142.56,109.56,150.48,1.39,125.4
Delhi,2024-06-27,74,40.7,79.92,61.42,84.36,0.78,70.3
Delhi,2024-06-28,64,35.2,69.12,53.12,72.96,0.67,60.8
Delhi,2024-06-29,118,64.9,127.44,97.94,134.52,1.24,112.1
Delhi,2024-06-30,115,63.25,124.2,95.45,131.1,1.21,109.25
Delhi,2024-07-01,105,57.75,113.4,87.15,119.7,1.1,99.75
Delhi,2024-07-02,118,64.9,127.44,97.94,134.52,1.24,112.1
Delhi,2024-07-03,108,59.4,116.64,89.64,123.12,1.13,102.6
Delhi,2024-07-04,61,33.55,65.88,50.63,69.54,0.64,57.95
Delhi,2024-07-05,77,42.35,83.16,63.91,87.78,0.81,73.15
Delhi,2024-07-06,65,35.75,70.2,53.95,74.1,0.68,61.75
Delhi,2024-07-07,56,30.8,60.48,46.48,63.84,0.59,53.2
Delhi,2024-07-08,56,30.8,60.48,46.48,63.84,0.59,53.2
Delhi,2024-07-09,84,46.2,90.72,69.72,95.76,0.88,79.8
Delhi,2024-07-10,138,75.9,149.04,114.54,157.32,1.45,131.1
Delhi,2024-07-11,113,62.15,122.04,93.79,128.82,1.19,107.35
Delhi,2024-07-12,107,58.85,115.56,88.81,121.98,1.12,101.65
Delhi,2024-07-13,102,56.1,110.16,84.66,116.28,1.07,96.9
Delhi,2024-07-14,107,58.85,115.56,88.81,121.98,1.12,101.65
Delhi,2024-07-15,109,59.95,117.72,90.47,124.26,1.14,103.55
Delhi,2024-07-16,100,55.0,108.0,83.0,114.0,1.05,95.0
Delhi,2024-07-17,90,49.5,97.2,74.7,102.6,0.95,85.5
Delhi,2024-07-18,95,52.25,102.6,78.85,108.3,1.0,90.25
Delhi,2024-07-19,124,68.2,133.92,102.92,141.36,1.3,117.8
Delhi,2024-07-20,109,59.95,117.72,90.47,124.26,1.14,103.55
Delhi,2024-07-21,103,56.65,111.24,85.49,117.42,1.08,97.85
Delhi,2024-07-22,85,46.75,91.8,70.55,96.9,0.89,80.75
Delhi,2024-07-23,93,51.15,100.44,77.19,106.02,0.98,88.35
Delhi,2024-07-24,97,53.35,104.76,80.51,110.58,1.02,92.15
Delhi,2024-07-25,109,59.95,117.72,90.47,124.26,1.14,103.55
Delhi,2024-07-26,84,46.2,90.72,69.72,95.76,0.88,79.8
Delhi,2024-07-27,131,72.05,141.48,108.73,149.34,1.38,124.45
Delhi,2024-07-28,83,45.65,89.64,68.89,94.62,0.87,78.85
Delhi,2024-07-29,76,41.8,82.08,63.08,86.64,0.8,72.2
Delhi,2024-07-30,97,53.35,104.76,80.51,110.58,1.02,92.15
Delhi,2024-07-31,96,52.8,103.68,79.68,109.44,1.01,91.2
Delhi,2024-08-01,64,35.2,69.12,53.12,72.96,0.67,60.8
Delhi,2024-08-02,76,41.8,82.08,63.08,86.64,0.8,72.2
Delhi,2024-08-03,68,37.4,73.44,56.44,77.52,0.71,64.6
Delhi,2024-08-04,64,35.2,69.12,53.12,72.96,0.67,60.8
Delhi,2024-08-05,59,32.45,63.72,48.97,67.26,0.62,56.05
Delhi,2024-08-06,61,33.55,65.88,50.63,69.54,0.64,57.95
Delhi,2024-08-07,61,33.55,65.88,50.63,69.54,0.64,57.95
Delhi,2024-08-08,54,29.7,58.32,44.82,61.56,0.57,51.3
Delhi,2024-08-09,61,33.55,65.88,50.63,69.54,0.64,57.95
Delhi,2024-08-10,71,39.05,76.68,58.93,80.94,0.75,67.45
Delhi,2024-08-11,69,37.95,74.52,57.27,78.66,0.72,65.55
Delhi,2024-08-12,56,30.8,60.48,46.48,63.84,0.59,53.2
Delhi,2024-08-13,63,34.65,68.04,52.29,71.82,0.66,59.85
Delhi,2024-08-14,79,43.45,85.32,65.57,90.06,0.83,75.05
Delhi,2024-08-15,72,39.6,77.76,59.76,82.08,0.76,68.4
Delhi,2024-08-16,63,34.65,68.04,52.29,71.82,0.66,59.85
Delhi,2024-08-17,74,40.7,79.92,61.42,84.36,0.78,70.3
Delhi,2024-08-18,83,45.65,89.64,68.89,94.62,0.87,78.85
Delhi,2024-08-19,84,46.2,90.72,69.72,95.76,0.88,79.8
Delhi,2024-08-20,66,36.3,71.28,54.78,75.24,0.69,62.7
Delhi,2024-08-21,87,47.85,93.96,72.21,99.18,0.91,82.65
Delhi,2024-08-22,85,46.75,91.8,70.55,96.9,0.89,80.75
Delhi,2024-08-23,77,42.35,83.16,63.91,87.78,0.81,73.15
Delhi,2024-08-24,105,57.75,113.4,87.15,119.7,1.1,99.75
Delhi,2024-08-25,77,42.35,83.16,63.91,87.78,0.81,73.15
Delhi,2024-08-26,72,39.6,77.76,59.76,82.08,0.76,68.4
Delhi,2024-08-27,64,35.2,69.12,53.12,72.96,0.67,60.8
Delhi,2024-08-28,70,38.5,75.6,58.1,79.8,0.74,66.5
Delhi,2024-08-29,58,31.9,62.64,48.14,66.12,0.61,55.1
Delhi,2024-08-30,102,56.1,110.16,84.66,116.28,1.07,96.9
Delhi,2024-08-31,92,50.6,99.36,76.36,104.88,0.97,87.4
Delhi,2024-09-01,101,55.55,109.08,83.83,115.14,1.06,95.95
Delhi,2024-09-02,87,47.85,93.96,72.21,99.18,0.91,82.65
Delhi,2024-09-03,89,48.95,96.12,73.87,101.46,0.93,84.55
Delhi,2024-09-04,69,37.95,74.52,57.27,78.66,0.72,65.55
Delhi,2024-09-05,83,45.65,89.64,68.89,94.62,0.87,78.85
Delhi,2024-09-06,95,52.25,102.6,78.85,108.3,1.0,90.25
Delhi,2024-09-07,71,39.05,76.68,58.93,80.94,0.75,67.45
Delhi,2024-09-08,91,50.05,98.28,75.53,103.74,0.96,86.45
Delhi,2024-09-09,114,62.7,123.12,94.62,129.96,1.2,108.3
Delhi,2024-09-10,106,58.3,114.48,87.98,120.84,1.11,100.7
Delhi,2024-09-11,71,39.05,76.68,58.93,80.94,0.75,67.45
Delhi,2024-09-12,64,35.2,69.12,53.12,72.96,0.67,60.8
Delhi,2024-09-13,52,28.6,56.16,43.16,59.28,0.55,49.4
Delhi,2024-09-14,62,34.1,66.96,51.46,70.68,0.65,58.9
Delhi,2024-09-15,107,58.85,115.56,88.81,121.98,1.12,101.65
Delhi,2024-09-16,139,76.45,150.12,115.37,158.46,1.46,132.05
Delhi,2024-09-17,172,94.6,185.76,142.76,196.08,1.81,163.4
Delhi,2024-09-18,115,63.25,124.2,95.45,131.1,1.21,109.25
Delhi,2024-09-19,56,30.8,60.48,46.48,63.84,0.59,53.2
Delhi,2024-09-20,98,53.9,105.84,81.34,111.72,1.03,93.1
Delhi,2024-09-21,116,63.8,125.28,96.28,132.24,1.22,110.2
Delhi,2024-09-22,162,89.1,174.96,134.46,184.68,1.7,153.9
Delhi,2024-09-23,165,90.75,178.2,136.95,188.1,1.73,156.75
Delhi,2024-09-24,195,107.25,210.6,161.85,222.3,2.05,185.25
Delhi,2024-09-25,233,128.15,251.64,193.39,265.62,2.45,221.35
Delhi,2024-09-26,94,51.7,101.52,78.02,107.16,0.99,89.3
Delhi,2024-09-27,80,44.0,86.4,66.4,91.2,0.84,76.0
Delhi,2024-09-28,66,36.3,71.28,54.78,75.24,0.69,62.7
Delhi,2024-09-29,74,40.7,79.92,61.42,84.36,0.78,70.3
Delhi,2024-09-30,126,69.3,136.08,104.58,143.64,1.32,119.7
Delhi,2024-10-01,149,81.95,160.92,123.67,169.86,1.56,141.55
Delhi,2024-10-02,173,95.15,186.84,143.59,197.22,1.82,164.35
Delhi,2024-10-03,162,89.1,174.96,134.46,184.68,1.7,153.9
Delhi,2024-10-04,184,101.2,198.72,152.72,209.76,1.93,174.8
Delhi,2024-10-05,145,79.75,156.6,120.35,165.3,1.52,137.75
Delhi,2024-10-06,143,78.65,154.44,118.69,163.02,1.5,135.85
Delhi,2024-10-07,126,69.3,136.08,104.58,143.64,1.32,119.7
Delhi,2024-10-08,167,91.85,180.36,138.61,190.38,1.75,158.65
Delhi,2024-10-09,164,90.2,177.12,136.12,186.96,1.72,155.8
Delhi,2024-10-10,132,72.6,142.56,109.56,150.48,1.39,125.4
Delhi,2024-10-11,141,77.55,152.28,117.03,160.74,1.48,133.95
Delhi,2024-10-12,155,85.25,167.4,128.65,176.7,1.63,147.25
Delhi,2024-10-13,224,123.2,241.92,185.92,255.36,2.35,212.8
Delhi,2024-10-14,234,128.7,252.72,194.22,266.76,2.46,222.3
Delhi,2024-10-15,198,108.9,213.84,164.34,225.72,2.08,188.1
Delhi,2024-10-16,230,126.5,248.4,190.9,262.2,2.42,218.5
Delhi,2024-10-17,285,156.75,307.8,236.55,324.9,2.99,270.75
Delhi,2024-10-18,292,160.6,315.36,242.36,332.88,3.07,277.4
Delhi,2024-10-19,278,152.9,300.24,230.74,316.92,2.92,264.1
Delhi,2024-10-20,277,152.35,299.16,229.91,315.78,2.91,263.15
Delhi,2024-10-21,310,170.5,334.8,257.3,353.4,3.26,294.5
Delhi,2024-10-22,327,179.85,353.16,271.41,372.78,3.43,310.65
Delhi,2024-10-23,364,200.2,393.12,302.12,414.96,3.82,345.8
Delhi,2024-10-24,306,168.3,330.48,253.98,348.84,3.21,290.7
Delhi,2024-10-25,270,148.5,291.6,224.1,307.8,2.84,256.5
Delhi,2024-10-26,255,140.25,275.4,211.65,290.7,2.68,242.25
Delhi,2024-10-27,356,195.8,384.48,295.48,405.84,3.74,338.2
Delhi,2024-10-28,304,167.2,328.32,252.32,346.56,3.19,288.8
Delhi,2024-10-29,268,147.4,289.44,222.44,305.52,2.81,254.6
Delhi,2024-10-30,307,168.85,331.56,254.81,349.98,3.22,291.65
Delhi,2024-10-31,328,180.4,354.24,272.24,373.92,3.44,311.6
Delhi,2024-11-01,339,186.45,366.12,281.37,386.46,3.56,322.05
Delhi,2024-11-02,318,174.9,343.44,263.94,362.52,3.34,302.1
Delhi,2024-11-03,381,209.55,411.48,316.23,434.34,4.0,361.95
Delhi,2024-11-04,380,209.0,410.4,315.4,433.2,3.99,361.0
Delhi,2024-11-05,372,204.6,401.76,308.76,424.08,3.91,353.4
Delhi,2024-11-06,351,193.05,379.08,291.33,400.14,3.69,333.45
Delhi,2024-11-07,377,207.35,407.16,312.91,429.78,3.96,358.15
Delhi,2024-11-08,379,208.45,409.32,314.57,432.06,3.98,360.05
Delhi,2024-11-09,350,192.5,378.0,290.5,399.0,3.68,332.5
Delhi,2024-11-10,334,183.7,360.72,277.22,380.76,3.51,317.3
Delhi,2024-11-11,352,193.6,380.16,292.16,401.28,3.7,334.4
Delhi,2024-11-12,334,183.7,360.72,277.22,380.76,3.51,317.3
Delhi,2024-11-13,418,229.9,451.44,346.94,476.52,4.39,397.1
Delhi,2024-11-14,424,233.2,457.92,351.92,483.36,4.45,402.8
Delhi,2024-11-15,396,217.8,427.68,328.68,451.44,4.16,376.2
Delhi,2024-11-16,417,229.35,450.36,346.11,475.38,4.38,396.15
Delhi,2024-11-17,441,242.55,476.28,366.03,502.74,4.63,418.95
Delhi,2024-11-18,494,271.7,533.52,410.02,563.16,5.19,469.3
Delhi,2024-11-19,460,253.0,496.8,381.8,524.4,4.83,437.0
Delhi,2024-11-20,419,230.45,452.52,347.77,477.66,4.4,398.05
Delhi,2024-11-21,371,204.05,400.68,307.93,422.94,3.9,352.45
Delhi,2024-11-22,393,216.15,424.44,326.19,448.02,4.13,373.35
Delhi,2024-11-23,412,226.6,444.96,341.96,469.68,4.33,391.4
Delhi,2024-11-24,318,174.9,343.44,263.94,362.52,3.34,302.1
Delhi,2024-11-25,349,191.95,376.92,289.67,397.86,3.66,331.55
Delhi,2024-11-26,343,188.65,370.44,284.69,391.02,3.6,325.85
Delhi,2024-11-27,303,166.65,327.24,251.49,345.42,3.18,287.85
Delhi,2024-11-28,325,178.75,351.0,269.75,370.5,3.41,308.75
Delhi,2024-11-29,331,182.05,357.48,274.73,377.34,3.48,314.45
Delhi,2024-11-30,346,190.3,373.68,287.18,394.44,3.63,328.7
Delhi,2024-12-01,285,156.75,307.8,236.55,324.9,2.99,270.75
Delhi,2024-12-02,280,154.0,302.4,232.4,319.2,2.94,266.0
Delhi,2024-12-03,268,147.4,289.44,222.44,305.52,2.81,254.6
Delhi,2024-12-04,178,97.9,192.24,147.74,202.92,1.87,169.1
Delhi,2024-12-05,165,90.75,178.2,136.95,188.1,1.73,156.75
Delhi,2024-12-06,197,108.35,212.76,163.51,224.58,2.07,187.15
Delhi,2024-12-07,233,128.15,251.64,193.39,265.62,2.45,221.35
Delhi,2024-12-08,302,166.1,326.16,250.66,344.28,3.17,286.9
Delhi,2024-12-09,186,102.3,200.88,154.38,212.04,1.95,176.7
Delhi,2024-12-10,234,128.7,252.72,194.22,266.76,2.46,222.3
Delhi,2024-12-11,199,109.45,214.92,165.17,226.86,2.09,189.05
Delhi,2024-12-12,288,158.4,311.04,239.04,328.32,3.02,273.6
Delhi,2024-12-13,262,144.1,282.96,217.46,298.68,2.75,248.9
Delhi,2024-12-14,193,106.15,208.44,160.19,220.02,2.03,183.35
Delhi,2024-12-15,294,161.7,317.52,244.02,335.16,3.09,279.3
Delhi,2024-12-16,379,208.45,409.32,314.57,432.06,3.98,360.05
Delhi,2024-12-17,433,238.15,467.64,359.39,493.62,4.55,411.35
Delhi,2024-12-18,445,244.75,480.6,369.35,507.3,4.67,422.75
Delhi,2024-12-19,451,248.05,487.08,374.33,514.14,4.74,428.45
Delhi,2024-12-20,429,235.95,463.32,356.07,489.06,4.5,407.55
Delhi,2024-12-21,370,203.5,399.6,307.1,421.8,3.89,351.5
Delhi,2024-12-22,409,224.95,441.72,339.47,466.26,4.29,388.55
Delhi,2024-12-23,406,223.3,438.48,336.98,462.84,4.26,385.7
Delhi,2024-12-24,369,202.95,398.52,306.27,420.66,3.87,350.55
Delhi,2024-12-25,336,184.8,362.88,278.88,383.04,3.53,319.2
Delhi,2024-12-26,345,189.75,372.6,286.35,393.3,3.62,327.75
Delhi,2024-12-27,353,194.15,381.24,292.99,402.42,3.71,335.35
Delhi,2024-12-28,139,76.45,150.12,115.37,158.46,1.46,132.05
Delhi,2024-12-29,225,123.75,243.0,186.75,256.5,2.36,213.75
Delhi,2024-12-30,173,95.15,186.84,143.59,197.22,1.82,164.35
Delhi,2024-12-31,283,155.65,305.64,234.89,322.62,2.97,268.85
